/*
Navicat MySQL Data Transfer

Source Server         : local-goadmin
Source Server Version : 80100
Source Host           : localhost:3306
Source Database       : go_admin

Target Server Type    : MYSQL
Target Server Version : 80100
File Encoding         : 65001

Date: 2023-09-12 09:23:24
*/

SET FOREIGN_KEY_CHECKS=0;

-- ----------------------------
-- Table structure for author
-- ----------------------------
DROP TABLE IF EXISTS `author`;
CREATE TABLE `author` (
  `id` int unsigned NOT NULL AUTO_INCREMENT,
  `author_name` varchar(255) NOT NULL COMMENT '作者姓名',
  `author_desc` text NOT NULL COMMENT '作者简介',
  `author_day` varchar(32) CHARACTER SET utf8mb4 COLLATE utf8mb4_0900_ai_ci NOT NULL COMMENT '作者入住时间',
  `author_sex` varchar(32) DEFAULT NULL COMMENT '作者性别',
  PRIMARY KEY (`id`)
) ENGINE=InnoDB AUTO_INCREMENT=2 DEFAULT CHARSET=utf8mb4 COLLATE=utf8mb4_0900_ai_ci COMMENT='作者表';

-- ----------------------------
-- Records of author
-- ----------------------------
INSERT INTO `author` VALUES ('1', '天蚕土豆', '<p>天蚕土豆 是国内出名小说作者</p>', '2006-01-10', '男');

-- ----------------------------
-- Table structure for book
-- ----------------------------
DROP TABLE IF EXISTS `book`;
CREATE TABLE `book` (
  `id` int unsigned NOT NULL AUTO_INCREMENT COMMENT '书籍id',
  `book_title` varchar(255) NOT NULL COMMENT '书籍标题',
  `book_desc` varchar(255) NOT NULL COMMENT '书籍描述',
  `author_id` int DEFAULT NULL COMMENT '作者id',
  `chapter_total` int DEFAULT NULL COMMENT '总章节数量',
  `copyright` varchar(255) DEFAULT NULL COMMENT '版权方 出版社',
  `state` tinyint DEFAULT '1' COMMENT '状态 默认1 待上架 5 已上架 0 删除',
  `category_id` int DEFAULT '1' COMMENT '分类id',
  PRIMARY KEY (`id`),
  KEY `idx` (`state`),
  KEY `idx_categry` (`category_id`),
  KEY `idx_author` (`author_id`)
) ENGINE=InnoDB AUTO_INCREMENT=8 DEFAULT CHARSET=utf8mb4 COLLATE=utf8mb4_0900_ai_ci COMMENT='书籍';

-- ----------------------------
-- Records of book
-- ----------------------------
INSERT INTO `book` VALUES ('1', '家族修仙从养鱼开始', '穿越重生至修仙家族李家，只是灵根有点差，行吧，练符养鱼赚灵石，资质不够，灵石来凑。 好兄弟修行太慢需要指导一下？却发现了了不得的大事。 震惊：四哥竟然是五灵根修士，却修出了三灵根的修练速度。 什么，老六竟然是暗灵根？我之前还怕你吃苦，又怕你受累，才辛苦指导你修炼，你竟然是暗灵根！ 好吧，李祥云第一次酸了。 【凡人流】【家族流】【种田流】', '1', '1290', '潇潇暮雪归   著   连载 · 签约 · VIP · 仙侠 · 修真文明', '5', '1');
INSERT INTO `book` VALUES ('2', '从聊斋开始修改命数', '【杀伐果断】【凡人流】【种田】【聊斋味】 简介一： 美人皮，狐嫁女，醉来舞剑天倾雨。 掌中剑，壶中妖，腰间悬剑仗逍遥。 “三十六州尘烟正嚣，九万里剑气招摇，我徐长生无甚所长，唯有一心，一剑，一酒壶而已。”', '2', '1480', '胡北枳   著   连载 · 签约 · VIP · 仙侠 · 古典仙侠', '5', '1');
INSERT INTO `book` VALUES ('3', '太古第一仙', '云逍死后魂飞天际时震撼发现：他生活了十六年的浩瀚人间，形状竟像一座坟墓！坟下一尊太古铜棺，大如沧溟，魔气滔天，一座座陆地都是棺上一抔抔黄土，万万亿活人竟在坟土中繁衍生息！巨棺内一具仙尸，其眼如地府，口若黄泉，头发似苍龙，身体像百万山脉。不知何方仙神，万古长眠于此！ 少年冤魂不灭，遁入仙尸还魂重生，以世界天柱为剑，以浮生大陆为符，一人一棺杀穿仙路，通天证道！', '3', '890', '作者： 风青阳   授权级别：	签约作品	作品类别：	古典仙侠', '5', '1');
INSERT INTO `book` VALUES ('4', '凌天剑帝', '仙界战神凌天被兄弟天尊偷袭而死，转世重生于凡界，成为安家赘婿，得上古至尊神器周天星辰图，修鸿蒙炼天决，开启了一段横扫九天十地无数天骄的崛起传奇。这一世，他s  如果您喜欢凌天剑帝，别忘记分享给朋友.', '5', '789', '作    者：墨白本尊  最后更新：2023-09-11 00:07:07 ', '5', '3');
INSERT INTO `book` VALUES ('5', '都市无敌战神', '五年前，被陷害入狱！五年后，他荣耀归来，天下权势，尽握手中！我所失去的，终会千百倍的拿回来！作者：17409187作者微博：我不是本尊s  如果您喜欢都市无敌战神，别忘记分享给朋友.', '6', '876', '作者：我不是z所写', '5', '2');
INSERT INTO `book` VALUES ('6', '家父隋炀帝', '世子爷，圣后在永安宫召见，奴婢在外候着，您准备一下。”  寝殿外，独孤后的贴身女婢阿楼的声音传来。', '7', '563', '作者：圆盘大佬粗', '5', '4');
INSERT INTO `book` VALUES ('7', '大明：家父永乐，永镇山河', '建文末年，燕王入京，即皇帝位，年号永乐。一个伟大的帝国，就此掀开了一页崭新篇章，即将迎来千古治世。后世青年不幸魂穿大名鼎鼎的烤肉王爷朱高煦，面对英明神武的s', '8', '679', '作者：朕闻上古', '5', '4');

-- ----------------------------
-- Table structure for category
-- ----------------------------
DROP TABLE IF EXISTS `category`;
CREATE TABLE `category` (
  `id` int unsigned NOT NULL AUTO_INCREMENT,
  `category_name` varchar(255) DEFAULT '' COMMENT '分类名称',
  `parent_id` int NOT NULL DEFAULT '0' COMMENT '父分类',
  `category_desc` varchar(255) NOT NULL COMMENT '分类简介',
  `is_del` tinyint(1) NOT NULL DEFAULT '0' COMMENT '是否删除 1 是',
  PRIMARY KEY (`id`)
) ENGINE=InnoDB AUTO_INCREMENT=6 DEFAULT CHARSET=utf8mb4 COLLATE=utf8mb4_0900_ai_ci COMMENT='书籍分类';

-- ----------------------------
-- Records of category
-- ----------------------------
INSERT INTO `category` VALUES ('1', '玄幻', '0', '', '0');
INSERT INTO `category` VALUES ('2', '武侠', '0', '', '0');
INSERT INTO `category` VALUES ('3', '历史', '0', '', '0');
INSERT INTO `category` VALUES ('4', '科幻', '0', '', '0');

-- ----------------------------
-- Table structure for chapter
-- ----------------------------
DROP TABLE IF EXISTS `chapter`;
CREATE TABLE `chapter` (
  `id` int unsigned NOT NULL AUTO_INCREMENT,
  `book_id` int unsigned NOT NULL,
  `chapter_name` varchar(255) DEFAULT NULL COMMENT '章节标题',
  `chapter_content` longtext COMMENT '章节内容',
  `chapter_rank` int unsigned DEFAULT NULL COMMENT '章节排序',
  PRIMARY KEY (`id`),
  UNIQUE KEY `IDX` (`book_id`,`chapter_rank`) USING BTREE
) ENGINE=InnoDB AUTO_INCREMENT=19 DEFAULT CHARSET=utf8mb4 COLLATE=utf8mb4_0900_ai_ci COMMENT='书籍-章节列表';

-- ----------------------------
-- Records of chapter
-- ----------------------------
INSERT INTO `chapter` VALUES ('1', '1', '第一章 灵根之说', '<p>&lt;main id=\"c-750942298\" data-type=\"cjk\" class=\"content mt-1.5em text-s-gray-900 leading-[1.8] relative z-0 r-font-black\" data-v-14130e9d=\"\"&gt;&lt;p&gt;&lt;span class=\"content-text\" data-count=\"0\" data-index=\"1\"&gt;　　“云儿啊，虎背拳练得怎么样了啊，今天打十遍了吗？”李祥云愣神之际，李繁华的声音从耳后传来。李祥云十分惊喜，连忙上前说到：“自然是打完了，现在还腰酸背痛呢。”&lt;/span&gt;&lt;!----&gt;&lt;/p&gt;&lt;p&gt;&lt;span class=\"content-text\" data-count=\"0\" data-index=\"2\"&gt;　　李繁华上前摸了摸李祥云的头，柔声说道：“练武又遇到什么问题吗？”李祥云自然是没什么问题，毕竟从小就练，早都练了万遍了，有什么问题早解决了。&lt;/span&gt;&lt;!----&gt;&lt;/p&gt;&lt;p&gt;&lt;span class=\"content-text\" data-count=\"0\" data-index=\"3\"&gt;　　但是李繁华好为人师，自然不能说没有问题，随便挑了几个问题问了问，果然李繁华喜形于色，指点了李祥云几下之后便问道：“你母亲可在家中，家里最近有事发生吗？”&lt;/span&gt;&lt;!----&gt;&lt;/p&gt;&lt;p&gt;&lt;span class=\"content-text\" data-count=\"0\" data-index=\"4\"&gt;　　李祥云笑嘻嘻的说：“父亲你是不是想母亲了，只不过母亲这几天忙于制符，你可不能打扰到她，家里倒是没什么事发生，倒是您之前买的八珍鸡现在可以下蛋了。”&lt;/span&gt;&lt;!----&gt;&lt;/p&gt;&lt;p&gt;&lt;span class=\"content-text\" data-count=\"6\" data-index=\"5\"&gt;　　李繁华身为李祥云的父亲，火木水土四灵根，主修火属性功法排云掌。年岁三十余岁却只有练气六层的修为。&lt;/span&gt;&lt;span class=\"review\" data-index=\"5\"&gt;&lt;span class=\"review-icon\"&gt;&lt;/span&gt;&lt;span class=\"review-count\"&gt;6&lt;/span&gt;&lt;!----&gt;&lt;/span&gt;&lt;/p&gt;&lt;p&gt;&lt;span class=\"content-text\" data-count=\"0\" data-index=\"6\"&gt;　　却不是说李繁华修为低了，这个修为在李家不算低了，同辈除了两个三灵根步入练气后期，最快的也只有练气四五层，而李繁华更是已经练气六层巅峰了，并且已经四五年了。&lt;/span&gt;&lt;!----&gt;&lt;/p&gt;&lt;p&gt;&lt;span class=\"content-text\" data-count=\"0\" data-index=\"7\"&gt;　　要知道一般散修四五灵根可能一辈子卡在练气初期，中期也仅有极少数才能踏入，至于练气后期没几个人能做到，比筑基期前辈还少见。而家族修士稍好一点，但是也大多数是练气中期，练气后期少有。&lt;/span&gt;&lt;!----&gt;&lt;/p&gt;&lt;p&gt;&lt;span class=\"content-text\" data-count=\"1\" data-index=\"8\"&gt;　　就算是宗门修士功法好，资源更多，更多的也是练气中期，就算是练气初期也有，练气后期就算是多了一些，也是少数。&lt;/span&gt;&lt;span class=\"review\" data-index=\"8\"&gt;&lt;span class=\"review-icon\"&gt;&lt;/span&gt;&lt;span class=\"review-count\"&gt;1&lt;/span&gt;&lt;!----&gt;&lt;/span&gt;&lt;/p&gt;&lt;p&gt;&lt;span class=\"content-text\" data-count=\"3\" data-index=\"9\"&gt;　　四灵根，五灵根是修仙界的常态。三灵根是优秀者，有望筑基，两灵根才担得起天才之名，有很大概率筑基。&lt;/span&gt;&lt;span class=\"review\" data-type=\"hot\" data-index=\"9\"&gt;&lt;span class=\"review-icon\"&gt;&lt;/span&gt;&lt;span class=\"review-count\"&gt;3&lt;/span&gt;&lt;!----&gt;&lt;/span&gt;&lt;/p&gt;&lt;p&gt;&lt;span class=\"content-text\" data-count=\"0\" data-index=\"10\"&gt;　　至于单灵根，又称天灵根，那是真正的天之骄子，传说筑基如吃饭喝水，结丹也没有什么阻碍。至于天灵根之上，则是有变异灵根，更是有灵体道体之说。&lt;/span&gt;&lt;!----&gt;&lt;/p&gt;&lt;p&gt;&lt;span class=\"content-text\" data-count=\"0\" data-index=\"11\"&gt;　　灵根之说众说纷纭，至于流传最广之说则认为是人自降生以来孕含有一口先天之气，出生之后化作灵根。&lt;/span&gt;&lt;!----&gt;&lt;/p&gt;&lt;p&gt;&lt;span class=\"content-text\" data-count=\"0\" data-index=\"12\"&gt;　　人体有五行之说，自然五属性灵根都具有。灵根属性各属性总计一百点，只有超过一点才算作灵根，不超过便不计数。由此看来四灵根五灵根人数之多，天才终归只存在少数。&lt;/span&gt;&lt;!----&gt;&lt;/p&gt;&lt;p&gt;&lt;span class=\"content-text\" data-count=\"7\" data-index=\"13\"&gt;　　除了常见的五行属性灵根之外，还有比较常见风，冰，雷这三种变异灵根，这种灵根的修行速度低于天灵根，而高于双灵根。&lt;/span&gt;&lt;span class=\"review\" data-index=\"13\"&gt;&lt;span class=\"review-icon\"&gt;&lt;/span&gt;&lt;span class=\"review-count\"&gt;7&lt;/span&gt;&lt;!----&gt;&lt;/span&gt;&lt;/p&gt;&lt;p&gt;&lt;span class=\"content-text\" data-count=\"0\" data-index=\"14\"&gt;　　拥有变异灵根的人不仅修行速度快，而修行的功法威力也大，一旦出现会被各大宗门疯狂抢收，而缺点则是能相适应的功法少，灵物少。至于更稀有的变异灵根暗灵根，光灵根更少见了，不说也罢。&lt;/span&gt;&lt;!----&gt;&lt;/p&gt;&lt;p&gt;&lt;span class=\"content-text\" data-count=\"0\" data-index=\"15\"&gt;　　而灵体道体整个修仙界都没有几个，有关的消息更是少见，但是有一个修仙界自古流传的神秘传说：有道是身具灵根的人万里挑一，都是人杰，这些人福缘深厚，都有一丝成道的机会，而灵体道体，更是修行者中的龙凤，这种人大都是大能转世，或者是气运逆天之辈，非常人所能及也。&lt;/span&gt;&lt;!----&gt;&lt;/p&gt;&lt;p&gt;&lt;span class=\"content-text\" data-count=\"0\" data-index=\"16\"&gt;　　言归正传，李繁华虽然在整个修仙界算是修为低，年少也曾努力过，知道自己灵根不好二十岁就加入到了家族的猎妖队，经历了几番生死，修为才突破了练气中层。&lt;/span&gt;&lt;!----&gt;&lt;/p&gt;&lt;p&gt;&lt;span class=\"content-text\" data-count=\"1\" data-index=\"17\"&gt;　　后来遇到王文媛，结为双修道侣诞下了李祥云之后，这是才退出了猎妖队，加入到了家族运输队，在望溪镇附近活动。&lt;/span&gt;&lt;span class=\"review\" data-index=\"17\"&gt;&lt;span class=\"review-icon\"&gt;&lt;/span&gt;&lt;span class=\"review-count\"&gt;1&lt;/span&gt;&lt;!----&gt;&lt;/span&gt;&lt;/p&gt;&lt;p&gt;&lt;span class=\"content-text\" data-count=\"0\" data-index=\"18\"&gt;　　这不刚完成运输任务回到家就看见李祥云在发呆，对于这个儿子，李繁华是极为喜爱的，对于他的教导很是听话。&lt;/span&gt;&lt;!----&gt;&lt;/p&gt;&lt;p&gt;&lt;span class=\"content-text\" data-count=\"0\" data-index=\"19\"&gt;　　他让每天打十遍虎背拳，但是李祥云却是每次打十几遍接近二十遍，年仅十岁便已经是后天巅峰了，差一步就迈入先天之期了。&lt;/span&gt;&lt;!----&gt;&lt;/p&gt;&lt;p&gt;&lt;span class=\"content-text\" data-count=\"0\" data-index=\"20\"&gt;　　更重要的是身具灵根，虽然不知道是什么灵根，但是对其爱护有加从小培养。&lt;/span&gt;&lt;!----&gt;&lt;/p&gt;&lt;p&gt;&lt;span class=\"content-text\" data-count=\"0\" data-index=\"21\"&gt;　　要知道练武伤身，寻常的孩童打十遍便已经是极限了，而李祥云却能打接近二十遍，这其中的一个最重要的原因便是从小就喝灵米粥，而灵米饭身体也承受不起。&lt;/span&gt;&lt;!----&gt;&lt;/p&gt;&lt;p&gt;&lt;span class=\"content-text\" data-count=\"1\" data-index=\"22\"&gt;　　要知道灵米可是少数非修仙者也能吃的灵物，灵气是大补也是大毒之物，虚不受补严重者会爆体而亡，也只有灵米这种性温和的灵物才能补气血灵气，武者才能进步飞速。&lt;/span&gt;&lt;span class=\"review\" data-index=\"22\"&gt;&lt;span class=\"review-icon\"&gt;&lt;/span&gt;&lt;span class=\"review-count\"&gt;1&lt;/span&gt;&lt;!----&gt;&lt;/span&gt;&lt;/p&gt;&lt;p&gt;&lt;span class=\"content-text\" data-count=\"0\" data-index=\"23\"&gt;　　同村的同龄人最多后天初中期，而李祥云可是顿顿吃肉喝灵米粥，其他同村的孩子只能过年期间喝一点灵米粥，或者突破的时候吃，寻常想都不要想，要花灵石的。寻常人哪有灵石花，也只有李祥云这种“仙二代”才能享用。&lt;/span&gt;&lt;!----&gt;&lt;/p&gt;&lt;p&gt;&lt;span class=\"content-text\" data-count=\"0\" data-index=\"24\"&gt;　　即便是这种境况也只能喝喝灵米粥，吃不起灵米饭，李繁华负担不起。要知道一斤灵米要花一枚灵珠去买，灵珠是十年的先天期老蚌出产，一年仅能出产五六颗枚，而一百枚灵珠可以换一颗灵石。&lt;/span&gt;&lt;!----&gt;&lt;/p&gt;&lt;p&gt;&lt;span class=\"content-text\" data-count=\"0\" data-index=\"25\"&gt;　　灵珠是修仙界的大宗货物，修仙前练武，练气前期都要用到灵珠补灵气补气血，到现在早已成一般等价物了。&lt;/span&gt;&lt;!----&gt;&lt;/p&gt;&lt;p&gt;&lt;span class=\"content-text\" data-count=\"0\" data-index=\"26\"&gt;　　灵石更是修仙界的硬通货，分为低品，中品，高品，极品灵石，换算单位是一百灵石，但这只是理论上的，事实上低品灵石换中品灵石要溢价百分之二三十，至于中品灵石换高品灵石，高品灵石换极品灵石溢价更多。&lt;/span&gt;&lt;!----&gt;&lt;/p&gt;&lt;p&gt;&lt;span class=\"content-text\" data-count=\"0\" data-index=\"27\"&gt;　　李繁华大半时间在为家族奔波，好不容易回来对妻儿更是想念的紧。&lt;/span&gt;&lt;!----&gt;&lt;/p&gt;&lt;p&gt;&lt;span class=\"content-text\" data-count=\"0\" data-index=\"28\"&gt;　　但是到家了虽然不能立即见到妻子，但是看到乖巧的李祥云又开始谆谆教导：“看样子你已经达到了后天巅峰，差一步就进入先天之境了，幸好为父回来的及时，你看这是什么？”说罢便将一颗灵性十足的桃子拿了出来。&lt;/span&gt;&lt;!----&gt;&lt;/p&gt;&lt;p&gt;&lt;span class=\"content-text\" data-count=\"0\" data-index=\"29\"&gt;　　“这是灵桃？”李祥云惊奇道。&lt;/span&gt;&lt;!----&gt;&lt;/p&gt;&lt;p&gt;&lt;span class=\"content-text\" data-count=\"2\" data-index=\"30\"&gt;　　“正是，”李繁华得意的摸了摸胡须，“这是一阶下品黄桃木所结的灵桃，性温和，而且灵力充足，正适合你突破先天期，突破后还能借残余灵力稳定境界。”李祥云连忙上前抱住李繁华的大腿：“谢谢父亲大人！”&lt;/span&gt;&lt;span class=\"review\" data-index=\"30\"&gt;&lt;span class=\"review-icon\"&gt;&lt;/span&gt;&lt;span class=\"review-count\"&gt;2&lt;/span&gt;&lt;!----&gt;&lt;/span&gt;&lt;/p&gt;&lt;p&gt;&lt;span class=\"content-text\" data-count=\"0\" data-index=\"31\"&gt;　　黄桃木李祥云自然是知道的，最高可达二阶下品，李家有一棵一阶上品的百年黄桃木，还有十几棵一阶中下品的黄桃木，这可是李家的镇族之宝。&lt;/span&gt;&lt;!----&gt;&lt;/p&gt;&lt;p&gt;&lt;span class=\"content-text\" data-count=\"0\" data-index=\"32\"&gt;　　灵桃一年一开花一年一结果，再到长到成熟共计三年，平均每年为家族带来一千多块灵石，是除了家族灵鱼生意外的第二大收益。&lt;/span&gt;&lt;!----&gt;&lt;/p&gt;&lt;p&gt;&lt;span class=\"content-text\" data-count=\"5\" data-index=\"33\"&gt;　　这枚灵桃是一株一阶下品结的果，市场价值五块灵石。家族内部福利三块灵石就能买到，当然也是限额的。&lt;/span&gt;&lt;span class=\"review\" data-index=\"33\"&gt;&lt;span class=\"review-icon\"&gt;&lt;/span&gt;&lt;span class=\"review-count\"&gt;5&lt;/span&gt;&lt;!----&gt;&lt;/span&gt;&lt;/p&gt;&lt;p&gt;&lt;span class=\"content-text\" data-count=\"0\" data-index=\"34\"&gt;　　&lt;/span&gt;&lt;!----&gt;&lt;/p&gt;&lt;/main&gt;</p>', '1');
INSERT INTO `chapter` VALUES ('2', '1', '第二章 突破先天', '<p>&lt;div class=\"read-content j_readContent\" id=\"j_751033382\"&gt;     &lt;p data-type=\"2\"&gt;&lt;span class=\"content-wrap\"&gt;　　李繁华招手示意李祥云起身，严肃问道：“你可知练武是为了什么？”李祥云不解。&lt;/span&gt;&lt;span class=\"review-count hidden\" data-segid=\"1\"&gt;&lt;/span&gt;&lt;/p&gt;&lt;p data-type=\"2\" class=\"active\"&gt;&lt;span class=\"content-wrap\"&gt;　　要知道他可是蓝星的穿越人士，自从降生便开启了智慧，并记得前世之事，在这修仙界中，从小便低调行事，从不敢做逾越规矩之事。&lt;/span&gt;&lt;span class=\"review-count\" data-segid=\"2\"&gt;2&lt;i&gt;&lt;cite&gt;&lt;/cite&gt;&lt;/i&gt;&lt;/span&gt;&lt;/p&gt;&lt;p data-type=\"2\"&gt;&lt;span class=\"content-wrap\"&gt;　　在父母的眼里他只是早慧，比同期的孩童多了几分稳重，从此之外表现的没有什么不同。&lt;/span&gt;&lt;span class=\"review-count hidden\" data-segid=\"3\"&gt;&lt;/span&gt;&lt;/p&gt;&lt;p data-type=\"2\"&gt;&lt;span class=\"content-wrap\"&gt;　　在他的认知当中，修仙是为了长生，但是好像跟练武没有什么关系。既然是父母的安排，他虽然不解，父母只会为了他好不会害他，自然听话照做。&lt;/span&gt;&lt;span class=\"review-count hidden\" data-segid=\"4\"&gt;&lt;/span&gt;&lt;/p&gt;&lt;p data-type=\"2\"&gt;&lt;span class=\"content-wrap\"&gt;　　看着李祥云疑惑的样子，李繁华又说：“练武分为后天还有先天，后天淬皮，打磨身体，但是先天却是练筋淬骨！”&lt;/span&gt;&lt;span class=\"review-count\" data-segid=\"5\"&gt;1&lt;i&gt;&lt;cite&gt;&lt;/cite&gt;&lt;/i&gt;&lt;/span&gt;&lt;/p&gt;&lt;p data-type=\"2\"&gt;&lt;span class=\"content-wrap\"&gt;　　“重点在于这练筋，要知道人的筋脉是很脆弱的，而修仙引灵气入体，是既幸福又痛苦的事，后天打磨身体，磨练意志，先天淬炼筋骨，提高韧性，以便于后面引气入体。”&lt;/span&gt;&lt;span class=\"review-count hidden\" data-segid=\"6\"&gt;&lt;/span&gt;&lt;/p&gt;&lt;p data-type=\"2\"&gt;&lt;span class=\"content-wrap\"&gt;　　“而进入练气期后，练气初期每天可以修行三个时辰，练气中期五个时辰，练气后期七个时辰，而经过先天期淬筋炼骨之后，练气初期可以最多可以多修行一个时辰，练气中期两个时辰，练气后期三个时辰！”&lt;/span&gt;&lt;span class=\"review-count hidden\" data-segid=\"7\"&gt;&lt;/span&gt;&lt;/p&gt;&lt;p data-type=\"2\"&gt;&lt;span class=\"content-wrap\"&gt;　　“你可知道多出来的时间有多么宝贵，修仙者同时间赛跑，有条件的家族宗门修士都先练武后修仙。”闻此李祥云恍然大悟，没想到练武还有如此多的好处。&lt;/span&gt;&lt;span class=\"review-count hidden\" data-segid=\"8\"&gt;&lt;/span&gt;&lt;/p&gt;&lt;p data-type=\"2\"&gt;&lt;span class=\"content-wrap\"&gt;　　“今晚调整一下状态开始突破吧，为父为你护法。”摆摆手去看王文媛了。&lt;/span&gt;&lt;span class=\"review-count hidden\" data-segid=\"9\"&gt;&lt;/span&gt;&lt;/p&gt;&lt;p data-type=\"2\"&gt;&lt;span class=\"content-wrap\"&gt;　　对于李祥云突破一事李繁华不会太担心，只是练武后天突破先天罢了，李祥云根基扎实，即便是平时突破的机会都不少，即便失败也没关系，李祥云还年轻，修整一段时间就好，更何况有了灵桃更是万无一失。&lt;/span&gt;&lt;span class=\"review-count hidden\" data-segid=\"10\"&gt;&lt;/span&gt;&lt;/p&gt;&lt;p data-type=\"2\"&gt;&lt;span class=\"content-wrap\"&gt;　　当晚，王文媛捏着李繁华的手心都出汗了，紧张地说道：“相公，云儿突破不会有事吧。”&lt;/span&gt;&lt;span class=\"review-count\" data-segid=\"11\"&gt;1&lt;i&gt;&lt;cite&gt;&lt;/cite&gt;&lt;/i&gt;&lt;/span&gt;&lt;/p&gt;&lt;p data-type=\"2\"&gt;&lt;span class=\"content-wrap\"&gt;　　“能有什么事啊，这小子你又不是不知道，自小就稳重，根基扎实，他自己都有七八成突破的把握，还有我价值三灵石的黄木桃，更是万无一失，还有什么可担心的。”&lt;/span&gt;&lt;span class=\"review-count\" data-segid=\"12\"&gt;3&lt;i&gt;&lt;cite&gt;&lt;/cite&gt;&lt;/i&gt;&lt;/span&gt;&lt;/p&gt;&lt;p data-type=\"2\"&gt;&lt;span class=\"content-wrap\"&gt;　　李繁华撇了撇嘴，李祥云突破他自然不担心，在他看来如果李祥云突破不了就没几个人能突破，对于李祥云突破他是最有信心的。&lt;/span&gt;&lt;span class=\"review-count hidden\" data-segid=\"13\"&gt;&lt;/span&gt;&lt;/p&gt;&lt;p data-type=\"2\"&gt;&lt;span class=\"content-wrap\"&gt;　　李祥云在自己小屋内屏气凝神，看着差不多了，便拿起灵桃咬了一口，感觉就像是吃前世的果冻一般，只见巴掌大小的桃子哧溜一下滑入腹中，只剩一个桃核。&lt;/span&gt;&lt;span class=\"review-count hidden\" data-segid=\"14\"&gt;&lt;/span&gt;&lt;/p&gt;&lt;p data-type=\"2\"&gt;&lt;span class=\"content-wrap\"&gt;　　霎时灵气便在腹中散开，李祥云急忙扔开桃核，运转腹中灵气在筋脉中游走，虎背拳虽然说是练武功法，但是是上乘的筑基之法，灵气游走全身筋脉，李祥云先将灵气运往双臂，立即感觉到双手酸涩胀痛，提不起劲来。&lt;/span&gt;&lt;span class=\"review-count hidden\" data-segid=\"15\"&gt;&lt;/span&gt;&lt;/p&gt;&lt;p data-type=\"2\"&gt;&lt;span class=\"content-wrap\"&gt;　　等到灵气充盈之后，再将灵气引入躯干背部，这时灵气不仅没有后继无力，反而像泄了闸的洪水奔涌而来，很快李祥云上半身僵直，双手已无知觉。又将灵气引入双腿，直到双腿也充斥着灵气。&lt;/span&gt;&lt;span class=\"review-count hidden\" data-segid=\"16\"&gt;&lt;/span&gt;&lt;/p&gt;&lt;p data-type=\"2\"&gt;&lt;span class=\"content-wrap\"&gt;　　这时体内还有许多灵气，李祥云运转功法在体内游转几个周天，到现在为止李祥云淬炼了一遍全身，已经是突破先天了。&lt;/span&gt;&lt;span class=\"review-count hidden\" data-segid=\"17\"&gt;&lt;/span&gt;&lt;/p&gt;&lt;p data-type=\"2\"&gt;&lt;span class=\"content-wrap\"&gt;　　但是体内因为黄木桃的灵气还有很多他运转灵气往脖颈部上涌，要知道，脑部是十分脆弱的，先天之境没有淬炼脑部的说法，就算是练气，筑基之境也没有，只有紫府境才能做到。&lt;/span&gt;&lt;span class=\"review-count hidden\" data-segid=\"18\"&gt;&lt;/span&gt;&lt;/p&gt;&lt;p data-type=\"2\"&gt;&lt;span class=\"content-wrap\"&gt;　　李祥云自然是知道的，但是他体内灵气还有很多，运转了几个周天了也没有见少多少，想着淬炼到颈部就可以了，一般人突破先天可没有这么多灵气。&lt;/span&gt;&lt;span class=\"review-count hidden\" data-segid=\"19\"&gt;&lt;/span&gt;&lt;/p&gt;&lt;p data-type=\"2\"&gt;&lt;span class=\"content-wrap\"&gt;　　灵气到了脖颈之后，脑部仿佛某个地方开了窍一样，开始吸收灵气，开始还是一点一点，后来是一缕一缕，很快体内的灵气便被吸收殆尽了。&lt;/span&gt;&lt;span class=\"review-count hidden\" data-segid=\"20\"&gt;&lt;/span&gt;&lt;/p&gt;&lt;p data-type=\"2\"&gt;&lt;span class=\"content-wrap\"&gt;　　李祥云头痛欲裂，已经昏死了过去，好在这时已经突破先天期，体内灵气也吸收完了，并无大碍。&lt;/span&gt;&lt;span class=\"review-count hidden\" data-segid=\"21\"&gt;&lt;/span&gt;&lt;/p&gt;&lt;p data-type=\"2\"&gt;&lt;span class=\"content-wrap\"&gt;　　但是屋外的父母确是急坏了，寻常人突破先天一个时辰便够了，而李祥云用时三个时辰还没有结束，这时李繁华意识到不对劲了。&lt;/span&gt;&lt;span class=\"review-count hidden\" data-segid=\"22\"&gt;&lt;/span&gt;&lt;/p&gt;&lt;p data-type=\"2\"&gt;&lt;span class=\"content-wrap\"&gt;　　黄木桃灵气对于李祥云来说是多，但是三个时辰怎么也该散尽了，毕竟先天期不能引气，只能通过外界灵物补充灵气然后淬炼筋脉，在这个过程中灵气会不断消耗溢散。&lt;/span&gt;&lt;span class=\"review-count hidden\" data-segid=\"23\"&gt;&lt;/span&gt;&lt;/p&gt;&lt;p data-type=\"2\"&gt;&lt;span class=\"content-wrap\"&gt;　　但是李祥云这三个时辰了还没有出关，如何不让李繁华王芸着急，王文媛现在已经泪如雨下，拉着李繁华的手不知所措。&lt;/span&gt;&lt;span class=\"review-count hidden\" data-segid=\"24\"&gt;&lt;/span&gt;&lt;/p&gt;&lt;p data-type=\"2\"&gt;&lt;span class=\"content-wrap\"&gt;　　李繁华从慌乱中回过神来，对王文媛道：“三个时辰了灵气怎么也该散尽了，不管有没有突破，都要进去看一下。”&lt;/span&gt;&lt;span class=\"review-count hidden\" data-segid=\"25\"&gt;&lt;/span&gt;&lt;/p&gt;&lt;p data-type=\"2\"&gt;&lt;span class=\"content-wrap\"&gt;　　不管是武者还是修士突破最忌打扰，现在却顾不得了，毕竟已经等了三个时辰了。&lt;/span&gt;&lt;span class=\"review-count hidden\" data-segid=\"26\"&gt;&lt;/span&gt;&lt;/p&gt;&lt;p data-type=\"2\"&gt;&lt;span class=\"content-wrap\"&gt;　　很快就见到了歪倒在地的李祥云，看到李祥云气息平稳，并且已经迈入到了先天中期之境。李繁华夫妇松了口气，但是看到李祥云面部狰狞，面露痛苦，还是担心不已。&lt;/span&gt;&lt;span class=\"review-count hidden\" data-segid=\"27\"&gt;&lt;/span&gt;&lt;/p&gt;&lt;p data-type=\"2\"&gt;&lt;span class=\"content-wrap\"&gt;　　等到李祥云醒来已经是第二天晚上，他梦到自己进入到了宇宙之中遨游，漫步满天星河，游览各种奇异之景，但是醒来什么都不记得了，只记得自己神游天外。&lt;/span&gt;&lt;span class=\"review-count hidden\" data-segid=\"28\"&gt;&lt;/span&gt;&lt;/p&gt;&lt;p data-type=\"2\"&gt;&lt;span class=\"content-wrap\"&gt;　　见到李祥云醒来李繁华夫妇大喜，连忙询问发生了什么。李祥云自然是不敢将事实讲出，只说是灵气太过充足，他淬炼了几遍筋脉之后昏厥了过去。&lt;/span&gt;&lt;span class=\"review-count hidden\" data-segid=\"29\"&gt;&lt;/span&gt;&lt;/p&gt;&lt;p data-type=\"2\"&gt;&lt;span class=\"content-wrap\"&gt;　　“你看吧，我就说过不了多久便会醒来，你看你们俩大惊小怪的。倒是身具灵根突破先天期还能昏厥前所未见，心志还要多加打磨啊。”&lt;/span&gt;&lt;span class=\"review-count hidden\" data-segid=\"30\"&gt;&lt;/span&gt;&lt;/p&gt;&lt;p data-type=\"2\"&gt;&lt;span class=\"content-wrap\"&gt;　　说完还怪异的看了一眼李祥云，说话的正是李家唯一的一阶下品炼丹师，繁字辈排行第三，练气八层修为的李繁林。原来是李繁华夫妇见李祥云许久不醒便请来了李繁林看看情况。&lt;/span&gt;&lt;span class=\"review-count hidden\" data-segid=\"31\"&gt;&lt;/span&gt;&lt;/p&gt;&lt;p data-type=\"2\"&gt;&lt;span class=\"content-wrap\"&gt;　　听到这话李祥云有些害臊，他父母都是修士，他了解的自然比其他人多，有灵根突破先天，自然可以感悟到灵气，淬炼经脉效率更高，突破是水到渠成，可比感悟不到灵气的凡人轻松多了，他们犹如摸着石头在黑夜里过河。&lt;/span&gt;&lt;span class=\"review-count hidden\" data-segid=\"32\"&gt;&lt;/span&gt;&lt;/p&gt;&lt;p data-type=\"2\"&gt;&lt;span class=\"content-wrap\"&gt;　　有灵根突破先天失败虽然少有，也能理解，毕竟灵物少了不足以淬炼全身筋脉也能理解，但是吃撑了而昏厥确是前所未闻，被误会也不足奇怪了。而李祥云也不好多做解释。&lt;/span&gt;&lt;span class=\"review-count hidden\" data-segid=\"33\"&gt;&lt;/span&gt;&lt;/p&gt;&lt;p data-type=\"2\"&gt;&lt;span class=\"content-wrap\"&gt;　　看到李繁林要走，李繁华上前寒暄了几句，送李繁林离开。&lt;/span&gt;&lt;span class=\"review-count hidden\" data-segid=\"34\"&gt;&lt;/span&gt;&lt;/p&gt;&lt;p data-type=\"2\"&gt;&lt;span class=\"content-wrap\"&gt;　　回来之后李繁华冷着脸：“臭小子，你怎么回事，你可别拿刚刚那套来唬我，你老子还不了解你？”王文媛也上前问道：“儿啊，到底怎么回事，你不知道我有多么担心！”&lt;/span&gt;&lt;span class=\"review-count hidden\" data-segid=\"35\"&gt;&lt;/span&gt;&lt;/p&gt;&lt;p data-type=\"2\"&gt;&lt;span class=\"content-wrap\"&gt;　　李祥云也过意不去，他自己还搞不明白怎么回事呢。但是说实话肯定又让父母担心，比较涉及到脑部被灵气淬炼，让李繁华知道了不得把他打死。&lt;/span&gt;&lt;span class=\"review-count\" data-segid=\"36\"&gt;1&lt;i&gt;&lt;cite&gt;&lt;/cite&gt;&lt;/i&gt;&lt;/span&gt;&lt;/p&gt;&lt;p data-type=\"2\"&gt;&lt;span class=\"content-wrap\"&gt;　　现在王文媛眼睛都哭肿了，精神更是萎靡，李繁华状态也不太好，他自然更是不敢说。&lt;/span&gt;&lt;span class=\"review-count hidden\" data-segid=\"37\"&gt;&lt;/span&gt;&lt;/p&gt;&lt;p data-type=\"2\"&gt;&lt;span class=\"content-wrap\"&gt;　　李祥云现在感觉很好，脑子空前清明，浑身充满了力量，唯一的缺点便是浑身都布满了脏污，臭不可闻。虽然不知道昏厥后发生了什么，但感觉肯定是好事。&lt;/span&gt;&lt;span class=\"review-count hidden\" data-segid=\"38\"&gt;&lt;/span&gt;&lt;/p&gt;&lt;p data-type=\"2\"&gt;&lt;span class=\"content-wrap\"&gt;　　只好嘴硬道：“我服用了黄木桃之后就突破了先天之境，但是灵气太过充足淬炼了全身好几遍之后身体僵直累的昏睡了过去。”&lt;/span&gt;&lt;span class=\"review-count hidden\" data-segid=\"39\"&gt;&lt;/span&gt;&lt;/p&gt;&lt;p data-type=\"2\"&gt;&lt;span class=\"content-wrap\"&gt;　　李繁华自是不信，昏睡了可以叫醒，昏厥了可叫不醒，身体僵直是因为灵气在淬体，但是灵气消散之后会回复正常。&lt;/span&gt;&lt;span class=\"review-count hidden\" data-segid=\"40\"&gt;&lt;/span&gt;&lt;/p&gt;&lt;p data-type=\"2\"&gt;&lt;span class=\"content-wrap\"&gt;　　他可是叫了好几次叫不醒之后才去请的李繁林。之后有逼问了好几次李祥云咬牙坚持，看问不出来什么李繁华自然是放弃了。比较每个人都有自己的秘密，尽管李祥云还小。&lt;/span&gt;&lt;span class=\"review-count hidden\" data-segid=\"41\"&gt;&lt;/span&gt;&lt;/p&gt;&lt;p data-type=\"2\"&gt;&lt;span class=\"content-wrap\"&gt;　　这时王文媛也出来打圆场：“儿子才十岁，累倒了昏睡很正常，你一直问什么？儿子饿了吧，正好八珍鸡也下了几颗蛋给你炒了吃，刚突破补补身体，另外热水一直给你准备着，先洗洗吧。”&lt;/span&gt;&lt;span class=\"review-count hidden\" data-segid=\"42\"&gt;&lt;/span&gt;&lt;/p&gt;&lt;p data-type=\"2\"&gt;&lt;span class=\"content-wrap\"&gt;　　说完便去下厨房了，李繁华去打下手，王文媛看着父母离去李祥云松了一口气，心里想着这件事总算是过去了。&lt;/span&gt;&lt;span class=\"review-count hidden\" data-segid=\"43\"&gt;&lt;/span&gt;&lt;/p&gt;&lt;p data-type=\"2\"&gt;&lt;span class=\"content-wrap\"&gt;　　他却不知，李祥云突破先天之境昏厥之事已经在家族之中传开。毕竟修行是很枯燥的事，各种稀奇怪事修仙者可是八卦的很。&lt;/span&gt;&lt;span class=\"review-count hidden\" data-segid=\"44\"&gt;&lt;/span&gt;&lt;/p&gt;&lt;p data-type=\"2\"&gt;&lt;span class=\"content-wrap\"&gt;　　李祥云洗完澡之后母亲饭菜已经做好了，从昨晚突破到现在已经整整一天没有吃饭喝水了，李祥云现在只是凡人，而且是一个先天期的武者，饭量可是很大的，足足干了三大碗灵米饭，这才吃饱。&lt;/span&gt;&lt;span class=\"review-count hidden\" data-segid=\"45\"&gt;&lt;/span&gt;&lt;/p&gt;&lt;p data-type=\"2\"&gt;&lt;span class=\"content-wrap\"&gt;　　至于为什么是灵米饭，自然是父母为了庆祝李祥云突破，而且还有炒灵鸡蛋，李祥云经过灵气的冲刷也可以吃灵米饭了。&lt;/span&gt;&lt;span class=\"review-count hidden\" data-segid=\"46\"&gt;&lt;/span&gt;&lt;/p&gt;&lt;p data-type=\"2\"&gt;&lt;span class=\"content-wrap\"&gt;　　这顿饭是李祥云这两辈子吃的最香的饭了，毕竟食材经过灵气的滋养味道绝了。这还只是最低等的灵物，高等阶的灵物味道更好。&lt;/span&gt;&lt;span class=\"review-count hidden\" data-segid=\"47\"&gt;&lt;/span&gt;&lt;/p&gt;&lt;p data-type=\"2\"&gt;&lt;span class=\"content-wrap\"&gt;　　看见李祥云吃的这么香，李繁林夫妇总算是放下心来，他们这一天可是担惊受怕的。&lt;/span&gt;&lt;span class=\"review-count hidden\" data-segid=\"48\"&gt;&lt;/span&gt;&lt;/p&gt;&lt;p data-type=\"2\"&gt;&lt;span class=\"content-wrap\"&gt;　　吃完饭后天色已经很晚了，修真者可以夜视如白昼，李祥云作为先天期武者视力极好，但也还是凡人，再加上李母的叮嘱，早早休息去了。&lt;/span&gt;&lt;span class=\"review-count hidden\" data-segid=\"49\"&gt;&lt;/span&gt;&lt;/p&gt;&lt;p data-type=\"2\"&gt;&lt;span class=\"content-wrap\"&gt;　　&lt;/span&gt;&lt;span class=\"review-count hidden\" data-segid=\"50\"&gt;&lt;/span&gt;&lt;/p&gt;   &lt;/div&gt;</p>', '2');
INSERT INTO `chapter` VALUES ('3', '3', '第1章 一世造化仙', '<p>“云逍，你罪该万死！！”</p><p>一阵愤怒之音席卷皇城，震得宫墙颤动。</p><p>“你身为一国之君，竟豢养妖孽祸害百姓？”</p><p>说话的是一位身穿剑袍的青年！</p><p>他脚下踩着一把仙气缭绕的长剑，呼啸而来。</p><p>“仙人降临云国，救苦救难！”</p><p>一时间，无数百姓泣泪跪下，悲声哀呼。</p><p>那是因为，这皇城内外，此刻正有群蛇噬咬伤人，起码有上万人中了蛇毒，当场暴毙。</p><p>全城血流成河！</p><p>“剑仙？”</p><p>那蛇群当中，有一个龙纹白袍的少年，正与一只蛇妖鏖战！</p><p>他正是云国少年国君‘云逍’！</p><p>今日，正是云逍册封皇后的日子。</p><p>如此重要的日子，一大早却怪事连连，先是即将封后的丞相之女‘姜玥’无故失踪，紧接着皇城各处水道竟涌出百万毒蛇攻击百姓，其中还有一只凶残的百年蛇妖。</p><p>云逍当即亲自带领皇城禁卫，与蛇妖、蛇群搏杀！</p><p>眼看蛇妖将死，竟有剑仙降临？</p><p>“不对！他方才当众宣告，说我养妖害人？”</p><p>云逍，顿觉万分冤枉！</p><p>噗噗！</p><p>就在这时，那苍天之上，陡然落下一道剑光！</p><p>那剑光寒气冷冽，当场贯入那蛇妖脑门，这蛇妖当即血肉粉碎，溅了云逍一身蛇血。</p><p>“好强！”</p><p>这样的神威，让云逍惊心动魄，亦让云国百官、百姓敬奉万分。</p><p>“蛇妖伏诛，万民得救！”</p><p>“仙人功德无量！”</p><p>得救的百姓，一时间哗啦啦跪下，虔诚磕头。</p><p>“云！逍！”</p><p>两声愤怒雷鸣在耳边炸响。</p><p>不知道何时，那剑仙竟然降临到云逍头上！</p><p>他横眉冷竖，脚下剑气汹涌。</p><p>光是剑风刮到云逍身上，都是道道血腥剑痕。</p><p>“你身为一国之君，养妖害人，其罪当诛！”剑仙目光灼灼审视着他，厉声喝道。</p><p>“什么？”</p><p>“这蛇妖竟是陛下豢养的？”</p><p>“剑仙有天眼，自是亲眼所见，还能有假！”</p><p>万众骇然。</p><p>方才躲在深宫里的云国丞相‘姜尚’见状，直接跳了出来，心情激愤指着云逍的鼻子道：“云逍，你好糊涂！百姓奉你为君，你竟昏庸无道，残害上万百姓。”</p><p>姜尚当即跪下哭嚎道：“先帝！姜尚引导无方，让这幼君胡作非为，铸成大错，姜尚亦有罪啊！”</p><p>一时间，云逍万夫所指。</p><p>轰！轰！轰！</p><p>他心脏如遭三拳重击！</p><p>“剑仙！”云逍咬牙大声道：“请容我自证清白！我和这蛇妖绝无……”</p><p>还没等他说完，那剑仙竟然冷笑一声，道：“闭嘴！我手眼通天，你的恶行天地可鉴，万民共证。你无需狡辩，今日我便替天行道，送你下地狱！”</p><p>嗡！</p><p>云逍退后一步。</p><p>他双目血丝涌起，难以置信看着那剑仙。</p><p>他懂了！</p><p>“什么手眼通天？也就只能哄骗百姓！你只是一名剑修，这蛇妖必然是你所放！我和你素不相识，你身为修行者，竟如此恶毒设计害我？传回你师门，你必遭门规刑罚！”</p><p>云逍作为国君，见识当然和百姓不同。</p><p>百姓只当御剑的都是神仙，对其盲目信任、崇拜，贡献香火。</p><p>但云逍却知道，这群人更准确的说……只是一群修道者！</p><p>“云逍，住嘴！”</p><p>“你疯了，竟敢口出狂言，亵渎神仙。”</p><p>“生而为人，竟不敬鬼神，我云国之祸啊！”</p><p>百官、百姓顿时气绝，一个个怒声大喝。</p><p>那剑修见状，飞落到云逍眼前，以轻蔑、讥笑的目光看着云逍，轻声乐道：“听到群众的呼声了吗？告诉你！对你这种凡人之虫来说，我叶孤影，就是仙神！”</p><p>话音落下，他以手指为剑，目光一冷，陡然刺向云逍的眉心。</p><p>他竟真要杀云逍！</p><p>“剑仙，且慢！”</p><p>就在这时候，一个女声响起，众人连忙看去。</p><p>一个玉肌雪肤、身姿玲珑的白裙女子，莲步而来。</p><p>正是丞相之女‘姜玥’。</p><p>她今日本该入宫为后，母仪天下，却于清晨失踪。</p><p>“玥儿，你别过来！”云逍连忙喊道。</p><p>云逍与她自小一起读书、修武，算青梅竹马，自然不愿让她受到牵连。</p><p>今日，是修道者要杀他！</p><p>姜玥一介凡女，哪救得了自己？</p><p>云逍话音刚落，却万万没想到，那姜玥竟一脸漠然越过了他，站到了那叶孤影身边。</p><p>一男一女，明显早就认识！</p><p>“你们？”云逍怔住。</p><p>“云逍，你误会了，我可没想救你。”姜玥此刻看起来很陌生，目光里流转着至深的冰冷，“恰恰相反，今日要你死的人，是我！”</p><p>“你要我死？”云逍如遭雷击。</p><p>“没错。”</p><p>“为什么？”云逍死死咬牙，目中烈火升腾。</p><p>他对姜氏，对她，都不薄。</p><p>“因为它！”</p><p>姜玥说话时，她伸出右手，其掌心剑气呼啸，一道三寸长的银色荧光剑陡然凝聚。</p><p>那荧光剑月光涌动，寒雾缭绕，神威骇人！</p><p>它的出现，让这皇宫的温度骤然下降，人人冰寒。</p><p>“剑魄！”云逍瞳孔一缩。</p><p>姜玥讶异一笑道：“你这凡人国君还挺有见识。没错，我确实觉醒了‘冰月剑魄’，位列‘开阳级’！”</p><p>天生剑魄！</p><p>云逍听说过，甚至，向往过。</p><p>修道者一修境界，二修剑魄，剑魄自带威力，和修道者的丹田，形成‘双力量结构’。</p><p>丹田为本，剑魄为兵！</p><p>常言道：剑魄生，万道开，姜玥这剑魄一出，自然一步登天！</p><p>正因如此，她痴迷看着掌中的‘冰月剑魄’，面色冷傲道：“叶师兄马上就会带我去‘青魂剑宗’拜师学道。以后我为仙人，你为凡人，你我仙凡有别，自然要分出贵贱。”</p><p>“往后，如你这般凡夫俗子，见我须三叩九拜！”</p><p>她说完，看了一眼那叶孤影，眼神里满是对未来仙途的期望。</p><p>“不是，你有大病吧？”</p><p>云逍眼中雷嗔电怒！</p><p>“你有天资修道，你滚去便是，我又不缺女人！就算你对我有私怨，你灭我即可，何必害皇城上万百姓陪葬？”</p><p>身为国君，万民死于蛇祸，让他痛心疾首，怒火满腔！</p><p>“有必要！”姜玥指了指远处的丞相‘姜尚’，道：“叶师兄说，出生帝皇世家的弟子，到了宗门会有资源倾斜。所以，我想让我爹当云国国君，让我姜氏从此成为皇族，如此一来，我不但要你死，还要让你身败名裂！”</p><p>身败名裂，才好改朝换代！</p><p>姜尚上位称帝，她就是公主。</p><p>一个公主，在仙门会吃香，但皇后不会。</p><p>说这段话的时候，姜玥整张脸，都冰冷彻骨。</p><p>她根本不怕云逍声音太大，叶孤影来自仙门，施展一点小手段，就能让他们的对话，完全传不出去！</p><p>一个修道者，要搞死、搞臭一个凡尘国君，还不是信手拈来的事？</p><p>“云逍，从此往后，你脚下这方土地改名为姜国，受青魂剑宗庇护。你云家五百年统治到此为止，往后姜国有我这仙人坐镇，必然万代国运昌隆。你凡命太贱，认命吧！”</p><p>姜玥抱着双臂，面容更冷漠。</p><p>还没入仙路，她就已经有了叶孤影那般高高在上，不可侵犯的姿态。</p><p>云逍怒极反笑：“仙人坐镇？就你们这帮阴险、恶毒的小人，也配叫仙？”</p><p>“我笑了，你一介凡虫，也配和我探讨什么叫仙？”叶孤影嗤笑一声。</p><p>“叶师兄，多说无益，请送他上路！”姜玥冷冷道。</p><p>云逍双眼染血，眼里满是至深的鄙夷：“我云逍此生，没机会成仙，但你们一个阴毒小人，一个冷漠贱人，不过多修一道，多有一资，就仗势欺人，毒害百姓！就你们这两个下等货色，他日必惨死修行路上！我只恨今生不能亲手斩下你们头颅，以祭奠我云国万民！”</p><p>“你闭嘴！”叶孤影勃然大怒，修行之路最忌讳诅咒，他脸面阴毒怒道：“大道朝天，你不过一尘土，也配枉论仙道？”</p><p>“蜉蝣朝生暮死，尚可参天游海，我七尺之躯，堂堂正正立于天地，如何不能悟仙道？”云逍冷冽大笑。</p><p>“那你说，什么叫仙啊？你教教我？”叶孤影放声讥笑。</p><p>云逍手持长剑，踩着蛇妖尸骨，目光如火炬，心血如火山喷发。</p><p>“为生民立命，为天地立心，是为仙！”</p><p>他死死咬着牙齿！</p><p>他明知道，自己不是叶孤影的对手。</p><p>但是这一刻，他执剑盯着叶孤影，踩着蛇尸，朝着叶孤影杀去！</p><p>“斩妖除魔，福泽苍生，安天护道，是为仙！！”</p><p>云逍说完这一句，浑身暴起，剑影呼啸如千重海浪。</p><p>嗡！</p><p>一时间，万众惊呼！</p><p>“哈哈！”</p><p>叶孤影真没想到，受自己镇压，这凡人竟敢与仙神搏杀！</p><p>“我告诉你！我一剑灭杀你，这才叫仙！”</p><p>面对云逍，叶孤影只动一手指，那剑魄顿时一闪，从云逍的眉心穿了过去！</p><p>噗嗤！</p><p>云逍执剑，戛然而止。</p><p>他站着死！</p><p>直到脑后的血流淌而下，他的双眼，仍然死死盯着眼前两人。</p><p>眼中怒火，就如诅咒，永世不散！</p><p>“呵呵，你以为你云逍是主角，开局必不死，还莫欺少年穷啊？”</p><p>叶孤影嗤笑。</p><p>然而，云逍死后的眼神，仍然让他不敢直视。</p><p>此后，他和姜玥，高调离去！</p><p>云国改朝换代。</p><p>姜尚登基为帝，云逍遗臭万年！</p><p>什么叫仙？</p><p>什么是仙路！</p><p>那一剑穿过头颅后，云逍一万次问自己，也问这个世界！</p><p>人死，魂不灭！</p><p>不服！</p><p>他不服！</p><p>他云逍，无人指引，六岁修武，八岁通脉，十二岁横扫云国武道奇才，十五岁凡人无敌！</p><p>他所能争锋的世界，就这么大。</p><p>叶孤影！</p><p>他就因为生在更高的世界，如此品性之人，都能让云逍一腔热血，全部付诸东流。</p><p>“若给我机会，让我再活一世！我穷尽一切，都要登仙路！”</p><p>人死了，心念却越来越浓烈，聚着他的魂灵，飞越苍天！</p><p>“我这是要去哪里？”</p><p>残魂碎魄，飘游虚空，全世界在他眼中，似乎都在缩小。</p><p>陡然！</p><p>“那是——”</p><p>云逍回头，竟看到一个令人震撼的画面！</p><p>他眼中，自己生活了十六年的神州大地，远远望去，竟像是一座无边坟墓！</p><p>无尽江山、凡人千国、洞天福地、高山深渊……皆是坟土。</p><p>万亿活人世世代代，竟在这坟土上繁衍生息！</p><p>那坟墓中间的巨型墓碑，仙雾缭绕，高有亿万丈，如同天柱，撑天镇地！</p><p>最让云逍头皮发麻的是。</p><p>那坟墓下，有一尊巨大的太古铜棺！</p><p>巨棺悬浮星空，托起神州大地这座‘坟’，巨如沧溟，永曜乾坤，魔气滔天！</p><p>“世界为坟、太古铜棺……这是人死后的幻梦？”</p><p>云逍‘毛骨悚然’。</p><p>他根本没注意到，他的魂魄正从天而降，遁入地底，被一股恐怖的力量吞吸着，撞入这太古铜棺当中。</p><p>轰！</p><p>双耳轰鸣！</p><p>入棺那一刻，一道来自永恒太古的恢弘之音，在云逍耳边响起！</p><p>“此棺，葬天、镇狱，炼百世仙魂人魄，吞太上万极仙庭！棺生人间百万界，只修一方造化仙!”</p>', '1');
INSERT INTO `chapter` VALUES ('4', '3', '第2章 太古铜棺！', '<p>“造化仙？”</p><p>云逍窒息时刻，魂魄遁入棺内，四处黑雾缭绕，如同进入了阴曹地府。</p><p>“我屮艸芔茻……”</p><p>云逍失声惊叫。</p><p>他眼前，出现一具巨大无边的人形尸体！</p><p>“好大！”</p><p>那尸体眼如地府，口若黄泉，头发如苍龙，身体如百万山脉。</p><p>“这是何方仙神，竟长眠于此？”</p><p>他还没反应过来，这仙人尸体便产生吸力，将他的魂魄拖入体内！</p><p>嗡！</p><p>他进入这仙尸的瞬间，‘活着’的感觉，重新出现。</p><p>“我借尸还魂了！”</p><p>云逍猛然睁开双眼。</p><p>这浩瀚仙躯，让全世界都变小了。</p><p>不过！</p><p>“原来这巨型仙尸，只是一张人皮？”</p><p>云逍当场傻眼！</p><p>他体内，没有骨、血、肉、五脏六腑。</p><p>仙人皮之下，全是空的！</p><p>填充这仙人皮的，乃是无数的魔雾。</p><p>那魔雾凝结成各种古老、狰狞的异虫、毒蛇、鬼影、魑魅，它们在仙尸内横行、噬咬，发出凄厉的鬼哭狼嚎，听得云逍头皮发麻。</p><p>“是这些古棺虫蛇毒物，把这仙人尸体吃得只剩下一张皮？”</p><p>“靠！那我借仙尸还魂有卵用！”</p><p>云逍刚念到这里，这仅剩下人皮的仙尸陡然震动，那皮肤上涌起无尽闪耀符文。</p><p>铮铮！</p><p>这些令人敬畏的符号，就像是百万仙兵，在这仙人皮上驰骋。</p><p>恍惚之中，云逍听到一声声永恒的呐喊！</p><p>“造化仙，暴无道！六方祖神以三千仙界为祭，燃万亿生灵之血，终将其镇入昆仑炼狱！”</p><p>此后还有多般怒喊，然云逍早已震耳欲聋，根本听不清楚。</p><p>他只感觉到愤怒。</p><p>来自这一具仙尸的滔天之怒！</p><p>“吾负棺，生天地，创六道，造人间！功成之日，蛇虫魑魅，将吾分而食之？”</p><p>最后，云逍听到一声冷漠至深的笑。</p><p>“神州天柱消失之日，便是造化仙重铸之时！”</p><p>“尔等六方贱畜，必万劫不复……”</p><p>此声一落，这无边仙尸闪耀炽烈光芒，照耀整个铜棺。</p><p>“我的身体，在缩小？”</p><p>云逍恍惚之间，感觉这仙人皮塌陷、收缩。</p><p>眼前光芒闪耀！</p><p>无尽仙尸，最终凝结成一个直径不过八尺的光团。</p><p>嗡！</p><p>一个和之前的云逍身高、体型相仿，但容貌却完全不同的新身体，在这光芒中诞生，这新身体肤如白玉，脸部棱角分明，鼻梁高挺，眼如皓月，黑发如瀑，比从前英俊太多！</p><p>“我云逍，真的活了！”</p><p>无尽仙人皮，凝结成了一身骨、肉、血、五脏六腑。</p><p>虽不大，但完整！</p><p>他低头看着全新的身体，这修长的手指、雪白的皮肤……</p><p>他陡然一慌，伸手往下一掏。</p><p>“还是男的！肌肉还大了不少。”</p><p>他松了一口气，开始琢磨自己这新身体。</p><p>“我的丹田，元气没了？”曾经的云逍，修炼到了武道圆满境。而如今这全新身体，更像是一块完美的、未经雕琢的美玉。</p><p>“虽然需要从零开始修炼，但起码我还活着……”</p><p>忽然！</p><p>诸多恐怖气息降临。</p><p>“那是——！”</p><p>他瞪大眼睛，再度毛骨悚然。</p><p>视线尽头，并排有十座庞然大物！</p><p>“棺中棺？”</p><p>没错！</p><p>这些厚重、古老的巨物，乃是十尊棺中棺。</p><p>一棺，如一座陆地！</p><p>十尊小铜棺，分别有十种颜色。其中，最靠近云逍的第一尊苍白色小铜棺，其上刻有两个无边大字。</p><p>葬天！</p><p>这两个大字，就像是用青色的血写下的，每一笔一划，于云逍而言，都是浩瀚江河！</p><p>轰轰轰！</p><p>就在下一刻，那名为‘葬天’的苍白色小铜棺猛然颤动，竟在云逍眼前炸开、湮灭。</p><p>云逍瞬息就被汹涌的青光吞没。</p><p>棺灭后，一朵青色莲花自棺中诞生，染青云逍的视界！</p><p>“好大的花……”云逍心惊肉跳。</p><p>嗡！</p><p>那青色莲花冲上天空，云逍感觉自己的魂魄都被吸了出去，跟着这青色莲花冲出太古铜棺，飞掠过无尽尘土。</p><p>眼前豁然开朗！</p><p>恍惚之间，云逍好像看到了神州大坟的墓碑。</p><p>它仙雾缭绕，撑天镇地……</p><p>他亲眼看到，那青色莲花撞入那墓碑中，将墓碑染成了青色。</p><p>青莲、墓碑，二合一。</p><p>化作一道通天彻地的青色巨剑！</p><p>一剑，通天镇狱！</p><p>嗡！</p><p>云逍魂回人身，晕头转向，他低头一看，耀眼的青光笼罩全身。这璞玉般的新身体，好像产生了一些新变化！</p><p>“这是……”云逍伸出右手手掌。</p><p>一道三寸长的青色荧光剑自掌中凝聚！</p><p>“我有剑魄了！”他定睛看着这青色剑魄。</p><p>只见这剑魄中央，有一朵青色的莲花！</p><p>只不过是一个花蕾。</p><p>“那葬天小铜棺生的青莲，以及外面的巨型墓碑，和我这剑魄有关系？”云逍脑子一片空白，往远处看去，“这太古铜棺内，还有九尊小铜棺，它们里面又埋葬着什么？”</p><p>光是第二尊紫色巍峨铜棺，其流露出的太古阴寒气息，都让他产生来自魂魄的本能恐惧。</p><p>这第二尊小铜棺，名为‘镇狱’！</p><p>轰轰轰！</p><p>云逍看向它的时候，它似乎有感应，发出颤动轰鸣，好似一头万丈高的凶残古兽，死死盯着云逍。</p><p>“你也能变成我的剑魄？”云逍挑眉。</p><p>那紫色小棺仿佛听得懂他的话，竟万分不爽。</p><p>轰！</p><p>它陡然移动，轰然撞向云逍。以它的体量……相当于十万大山，来撞一只蚊子！</p><p>“靠……？”云逍被撞中后，他顿感天旋地转，当场晕了过去。</p><p>昏迷前，他只有一个念想。</p><p>“我到底是借仙尸还魂重生，还是魂飞魄散时候，做了一场荒唐大梦啊？”</p><p>梦里，有世界为坟、有太古铜棺，有造化仙，有青色莲花和巨型墓碑，有十尊神秘小铜棺……</p><p>嚇嚇！</p><p>不知过去多久。</p><p>云逍，陡然醒来！</p><p>映入眼帘的，竟是黑夜的天空，繁星点点。</p><p>“这里是云国？皇城附近！”</p><p>云国皇城，就在眼前。</p><p>“我真的重生了……”他在旁边的水潭里，看到了全新的自己，“我的修行天赋，何止暴增十倍？而且，光是血肉的力量，竟然和我之前武道圆满境的力量，相差无几！”</p><p>他尝试一拳，打在一棵直径一尺有余的大树上。那大树竟然应声而倒！</p><p>“最重要的是，我也有剑魄了……”他凝神之间，一枚青色剑魄自指骨出现，出现在手中，“姜玥的冰月剑魄，是开阳级，那我这是什么级别？”</p><p>云逍忽然想起一件事，连忙看向北方。</p><p>“神州天柱，没了？”</p><p>神州大地中央，有一擎天巨柱，据说它上接无尽仙域，下通九冥地狱，撑起了无数凡尘人间。自古以来，这神州天柱都是生命禁地，方圆千里寸草不生，谁去谁死。曾有通天修道者御剑飞天，去找这神州天柱的尽头，亦都一去不回。</p><p>整个神州，不管在任何地界，只要抬头都能看见那神州天柱，可见它巨大到何种程度。而此刻，神州地震，苍天烟云翻滚，那自神州诞生至今就存在的擎天巨柱，竟然消失不见！</p><p>云逍刚刚醒来，便听到皇城那边喊声震天。显然，此刻整个神州大地，都在讨论天柱消失的事！</p><p>“那神州天柱，应该就是我看到的那一尊墓碑！所以说，那小铜棺的青色莲花，和神州天柱，真的一起构成了我的剑魄？”云逍内心震动，“应该不可能！不然的话，这剑魄威力，该有多大？”</p><p>他暂时并没感觉，手中这剑魄威力夸张到什么程度。</p><p>这剑魄，看起来也很普通……</p><p>当然，剑魄的威力，很大程度取决于自身元气，云逍现在的丹田空空如也。而且他记得，那剑魄内的青莲，只是一个花蕾，应该是初生态！</p><p>“既然是从那‘葬天’的小铜棺出现的，就叫你‘葬天剑魄’吧！”他站在原地，看着剑魄，眼中生出万丈道念。</p><p>有剑魄，可以修道了！</p><p>“谁把我送回云国的？”他心有所感，低头一看。脚下，出现了一个黑色的青铜小方砖。</p><p>云逍将其捡了起来，定睛一看：“这就是那太古铜棺，缩这么小了？”</p><p>那里面还有九尊棺中棺，岂不是更小？</p><p>“我能回云国，估计和此棺有关系。这铜棺没了，神州大地竟然没塌陷，真够神奇的……”他懒得多想了，直接把这青铜小方砖收入怀里，“这板砖如此刚硬，也是一件趁手兵器！”</p><p>他并没发现，那铜棺的棺盖上，好像有两只幽幽眼睛，忽然眨了一下。</p><p>云逍遥望夜空很久，心才彻底安宁了下来。</p><p>安宁之后。</p><p>涌入脑海的，自然是自己冤死的血海深仇！</p><p>“叶孤影、姜玥，我云逍重活一世，必取你们狗命！”云逍的目光，逐渐森冷，看向皇城，“你们两个贱人回青魂剑宗，留下姜氏夺我家国是吧？”</p><p>夜晚，他站在城墙上，望向皇宫的方向。</p><p>那边灯火通明，喜庆震天。</p><p>新皇登基！</p><p>姜氏一族，出了‘仙人’，降服全国，飘上天了。</p><p>“上万百姓尸血未干，你们姜氏却踩着百姓尸骨，庆祝姜国开辟！”云逍那一双深邃的眼眸，陡然爆发出属于这身躯血脉深处深藏的杀念！</p><p>“姜尚，你丞相称帝，龙椅坐得舒服么？”</p><p>云逍捏着剑魄，一人一剑，直接杀入皇城。</p><p>皇城内！</p><p>姜玥的父母、叔伯、兄弟姐妹，正聚在一起！</p><p>一门共三十三人。</p><p>人丁兴旺！</p><p>姜尚在登基之后，再办一场庆功家宴。他摇身一变，从丞相变成姜国国君，正是意气风发之时。</p><p>“神州天柱竟然消失了，真是千古奇闻啊！”</p><p>这事，他们已经讨论半天了。</p><p>而今酒过三巡，身穿龙袍姜尚喝得满面通红，站起来道：“今日之后，我们姜氏皇族稳坐江山，有我女儿成仙，四方诸国宵小，必定俯首称臣。我们可举兵出征，扩张国土！”</p><p>“对！云氏干不成的，我们干！我们名垂青史！”姜玥的叔叔姜淮道。</p><p>“可笑那前朝先帝，只娶一妻、只生一儿，夫妻还早早离世，留下云逍一人，这样传承皇室血脉，不就是等着让人杀绝户吗？”姜尚大笑。</p><p>“父皇威武！”众人皆笑。</p><p>砰！</p><p>就在这时，一个身穿白袍的少年从院墙上跳了下来。</p><p>“谁？”</p><p>姜氏一族的笑声，戛然而止。</p><p>“护卫！”</p><p>姜玥的兄长‘姜阳’豁然站立起来，抽出佩剑。</p><p>“有刺客！”</p><p>庭院顿时动乱。</p><p>不过，姜尚那一帮人，还是坐得稳稳的，面不改色，继续谈笑。</p><p>“这是哪位云氏旧部？”</p><p>“都这时候了，还有傻子来送死？”</p><p>他们谈笑几句后，云逍已经杀到他们眼前，然而，外面的护卫却还没现身。</p><p>这帮人这才意识到不对！</p><p>外面护卫，都已经躺下了。</p><p>不过，他们也不至于慌神，毕竟姜氏敢当皇族，一门武道高手无数，包括姜尚本人，就是云国第二高手，仅次于云逍。</p><p>“姜阳，拿下这逆贼！”姜尚面色一冷喝道。</p><p>“先别杀死，查他身份，诛他九族！”姜玥的母亲冷声道。</p><p>这是要杀鸡儆猴，趁机威慑全国。</p><p>“是！”姜阳看向云逍，嗤笑一声，“活着不好吗？非得找死！来，我先让你三招……”</p><p>姜阳话音刚落下，一道白影已经杀到其眼前！</p><p>云逍已动手！</p><p>咔！</p><p>他右手快如雷霆，一拳轰在姜阳的肋骨上。</p><p>姜阳肋骨断裂，刺入内脏，右肋直接凹陷下去一个拳印！</p><p>“啊！”</p><p>他眼睛凸起，喷出一口血，软软倒在了云逍脚下。</p><p>“你偷袭！不讲武德……”</p><p>姜阳当场抽搐身亡！</p><p>他在人生最得意的时候，陡然惨死，眼神万分错愕。</p><p>叮！</p><p>云逍看都没看他一眼，就接过了他手里的长剑！</p><p>“他第一个上黄泉路，接下来轮到谁？”</p><p>他眼眸横扫眼前姜氏众人，森冷笑声顿时让在场所有人，豁然站立起来，内心巨颤！</p><p>“阳儿！”</p><p>刚立的太子，一招就死了！</p><p>姜尚、姜母等人，顿时目眦尽裂。</p><p>一场庆功家宴，血溅当场！</p><p>“诛杀此人！！”</p><p>姜尚将手里酒杯砸在地上，怒目狂吼。</p><p>姜氏一族尚武！</p><p>此刻不管男女，全部抽出兵刃，将云逍包围起来。</p><p>有人准备动手，亦有人高声呼叫禁卫军！</p><p>“一家人三十三口，挺齐整？”</p><p>云逍冷笑一声，直接杀入人群，</p><p>手起剑落，如一道白色杀神幻影！</p><p>噗噗噗！</p><p>长剑所向，穿喉而过！</p><p>包括那姜淮，喉咙上都出现了一个血窟窿。</p><p>“啊！”</p><p>姜氏众人一看，连姜淮这曾经的云国大将军都被一剑诛灭，顿时惊慌惨叫。</p><p>直到这时候，他们才惊魂变色！</p><p>“快走！”</p><p>姜尚虎目圆瞪，对云逍道：“阁下到底是何方高手？你可知我女儿姜玥乃是青魂剑仙，若是她知道你这凶行，你十条命都不够死！”</p><p>“我知道，我杀的就是她全家！”</p>', '2');
INSERT INTO `chapter` VALUES ('5', '3', '第3章 杀上青魂剑宗！', '<div id=\"mainContainer\"><div><div><p>杀她全家？</p><p>云逍这一句话，就已经让剩下三十几个姜氏之人，全部头皮发麻！</p><p>“逃！”姜尚没等来护卫，内心惊惧之下，他怒吼一声，自己也吓得转身逃离。</p><p>“啊！啊！”</p><p>姜氏男女老少，一个个双腿发软，连滚带爬，方才还踩在上万百姓尸骨上狂欢的他们，现在魂飞魄散，凄惨哭嚎！</p><p>甭管他们跑得多快，背后那少年的剑，总是能如幽灵一样瞬息到达。</p><p>噗噗！</p><p>一剑入后心，瞬息从胸口穿了出去！</p><p>“呃……”姜玥的叔伯、兄弟姐妹，一个个在逃窜当中砸在地上，吐血挺尸，当场惨死！</p><p>“三弟！权儿！”姜尚回头一看，他这刚刚还想传承万代的‘姜氏皇族’，转眼之间死得只剩下他们夫妻二人。</p><p>“你挡一挡！我去找玥儿！”姜尚情急之下，把结发妻子往追来的云逍身上一推。</p><p>然而，他还没跑出两步，便愕然看到自己妻子的人头，已经飞到了他前面去！</p><p>“呃呃呃……”姜尚心脏狂颤，面如土色。</p><p>噗通！</p><p>姜尚直接回身跪在地上，磕头哭嚎道：“大人开恩！若留我一条狗命，我必将姜国所有财富，都送给大人！”</p><p>话音刚落下，那一剑还是无情杀来，瞬息挑断姜尚手筋、腿筋，让他当场惨叫着瘫倒在地上！</p><p>呼啦！</p><p>云逍握住了姜尚的脖子，将这穿着龙袍的‘丞相’给提了起来。</p><p>姜尚对上了他的眼神，顿时毛骨悚然！</p><p>“姜尚，你女儿有剑魄是吗？那你看看，这是什么？”云逍右手上，一道青色剑魄凝聚而出。</p><p>“剑魄！你是有剑魄的剑仙奇才！”姜尚更加绝望，他凄怆大哭道：“为什么！为什么！我姜氏如何得罪你，你要灭我满门！”</p><p>“你穿了我的龙袍，不认识我？”云逍道。</p><p>“龙袍？你是……云逍？不可能，你不长这样！”姜尚陡然放大瞳孔，像是见着了世间最大的恐怖。</p><p>“我借仙尸还魂重生了，你信么？”云逍冷笑道。</p><p>“重生？！”姜尚一脸惨然，七窍流血，舌头打颤。</p><p>他相信了！</p><p>这白衣少年，真是白天死去的云国国君！</p><p>“今日，就用你试一下我这剑魄的威力。”云逍一脸漠然，捏着那青色剑魄，刺入姜尚血肉半寸！</p><p>滋滋！</p><p>他发现，姜尚脖子上的血肉，化作一阵阵血雾，被青色剑魄吞吸而来，直接溃烂大一片！</p><p>“这葬天剑魄，看似平平无奇、绿意盎然，其实是极致的死亡力量啊，它的存在，就是掠夺一切生机。”</p><p>“不管是动物还是植物，在它面前，只有死路！”</p><p>这和那传闻中生人勿近的神州天柱，明显一致。</p><p>“云逍，就算你死而重生，我女儿有剑魄，必再灭你！”姜尚痛苦惨叫着，如同坠入死亡地狱，那手脚都在颤抖、挣扎，声音里有着令人窒息的恐惧。</p><p>“灭我？”云逍凑到了他的耳边，冷厉一笑，道：“杀了你后，我就去青魂剑宗，把今日你承受的一切，再送给她和叶孤影！”</p><p>噗嗤！</p><p>葬天剑魄，彻底刺入姜尚的咽喉。</p><p>滋滋滋！</p><p>姜尚在凄绝的惨叫当中，一身血肉腐烂，被葬天剑魄疯狂吸收，最终化作黑色浓雾，在云逍手里骤然消散。</p><p>自此，姜氏，满门灭绝！</p><p>“云国！”</p><p>站在皇城城墙上，云逍看着这座祖辈建造了五百年的城池。</p><p>今日，他虽然灭了姜氏，但是他并不打算留在这。</p><p>“这片国土，有了青魂剑宗庇护，就算姜氏灭门，你们劳苦百姓，应当还有稳定生活。”</p><p>“白天，你们说我不敬鬼神，乃云国之祸，我不怪你们，你们眼界有限，作为国君，生民愚昧，是我的责任！”</p><p>“但是——”</p><p>“不久后，我会将姜玥、叶孤影的人头，从青魂剑宗带回来，那时候再告诉你们，今天的蛇妖，不是我云逍养的！”</p><p>“我云逍，顶天立地，只杀贱人，不害苍生！”</p><p>说完，他跳下皇城，往北方绝尘而去。</p><p>三个月后！</p><p>云逍在苍云之中，望着前方巍峨宗门。</p><p>青魂剑宗，到了。</p><p>“这就是仙道宗门，屹立在凡尘之上，如同天宫。”</p><p>他隐约听到前方有人大喊。</p><p>“登上‘天路’，便可入青魂剑宗，来者尽快入列。”</p><p>登天路！</p><p>云逍在来的路上，已经打听清楚，那天路上有诸多考验，唯天资聪颖、实力超群者，才有可能登上天路，成为青魂剑宗弟子。</p><p>上山后！</p><p>云逍陡然双眼一眯。</p><p>在那试炼的人群中，他似乎看到了‘姜玥’的身影！</p><p>“姜玥，你也得登天路？”云逍眼神冰冷，“你是想靠开阳级剑魄，在天路上一鸣惊人，以天骄身份进入青魂剑宗？”</p><p>他换了身体，不主动揭晓，姜玥就得和她爹一样，死前才能知道他是谁！</p><p>“我虽重生，却无修炼道法，欲杀你和叶孤影，我必入青魂剑宗修道，登入龙泉境。”</p><p>云逍森严看着那人群中的少女，目中风暴卷动。</p><p>“不过！今日在这登天路上，我就得送你一场噩梦了，姜玥。”</p><p>那姜玥双手抱臂，孤高冷傲，根本不知杀了她全家的梦魇，已在身边。</p><p>“都听着！”</p><p>这时，一红裙女人摇曳走出！</p><p>她肤如凝脂，面似桃花，身材袅袅婷婷，虽高贵典雅，但在众人面前，面若冰霜，十分冷艳。</p><p>“登天路的考验规则很简单、也很公平。前十个登上天路之人，可成青魂剑修，从此逍遥天地！其余人等，滚。”红裙女人说话之间，霜眸扫视。</p><p>上百个在凡尘国内的‘武道天才’，在她的目光下，不敢直视，噤若寒蝉。</p><p>“你们这一届，是百年难遇的幸运儿！”她又道。</p><p>“姚长老，何出此言？”人群中，一个小少年问。他身穿一身金袍，挂有不少珠宝首饰，一看出身不低。</p><p>那美艳女人见了他，冷漠面容忽然舒展，竟轻柔一笑：“因为，前三位登上天路的青魂弟子，有重赏！其中第三名，赏百年妖骨，第二名赏两百年妖骨，而第一名……”</p><p>她眼中生出一丝艳羡之色，提高了音调。</p><p>“赏，五百年妖骨！”</p><p>话音刚落，人群沸腾。</p><p>“以前登天路，不是只有第一名才有奖励，而且也只是百年妖骨吗？为什么忽然提升奖励？”年轻人们目光火热，窃窃私语。</p><p>据说，世间妖魔一生都在吸收灵气锻造骨骸，剑修若将其妖骨炼化入剑魄，可凝聚出‘剑罡’。</p><p>剑魄的品阶，比如姜玥冰月剑魄的开阳级，决定的是剑魄的‘血脉’，那是极难改变，提升的。而剑魄的剑罡，可以通过炼化妖骨提升！</p><p>剑罡层数越高，剑魄越是刚硬、凶猛。</p><p>“肃静！一刻钟后，天路开启！”姚长老宣布。</p><p>众人闻言禁声，不由紧张起来，心脏狂跳。</p><p>“姜玥，叶孤傲，你俩跟我来。”姚长老说了一声，轻扭细腰，转身进了一片枫林。</p><p>人群中，有两人跟了上去，一个是刚才问话的金袍小少年。</p><p>另一个，是姜玥！</p><p>她今日身穿一身雪白剑袍，衣上绣有烟云，长发扎成一束，多了几分雅致。</p><p>前方枫树下，一个黑发白眉的清冷男子背对着他们。</p><p>正是叶孤影！</p><p>“叶剑王，我是安排你弟弟登顶第一呢，还是这位姜玥姑娘？”姚长老见了他后，脸上的冰霜如同被风吹走，取而代之的是柔美的笑颜。</p><p>“她，第一。”　叶孤影指向姜玥。</p><p>“啊？”姚长老红唇微张，面色哑然。</p><p>那小少年，可是这叶孤影的亲弟弟，名为‘叶孤傲’。他天生‘摇光级’剑魄，十岁开元，十三岁突破凡人武境，正式修道。</p><p>叶剑王自掏腰包拿出重赏‘五百年妖骨’，竟不给亲弟弟，反而奖励给一个不知名少女？</p><p>“她的剑魄是开阳级！”叶孤影看着姜玥，目光柔和了三分。</p><p>姜玥迎着他的目光，微微低眉，面微红。</p><p>“什么？”姚长老目光震撼看着姜玥，红唇微颤，“姜姑娘，天纵之资，前途无量，叫人羡慕。”</p><p>“日后还需姚长老，多多提携。”姜玥很有礼貌。</p><p>高山、飞云、剑修御天！</p><p>这，就是她梦中的仙道。</p><p>她来了。</p><p>今天，是她最重要的一天。</p><p>在叶孤影的指引下，她苦修了三个月。</p><p>只等今日，一鸣惊人！</p><p>“姜玥，我哥为了让你登天路名利双收，引起轰动，把五百年妖骨都回赠给宗门，他对你真好！”就在这时，旁边那小少年叶孤傲有些不爽的说了一句。</p><p>“闭嘴。”叶孤影瞪了他一眼。</p><p>叶孤傲连忙缩头。</p><p>“玥儿多谢叶师兄厚爱。”姜玥满怀感动。</p><p>“第一让给她，第二我稳拿。姚长老，你欣赏便是，不用出手。”叶孤傲道。</p><p>“话别说得太满，这次登天路，与你一样开了‘龙泉’的，一共有十八人。你若给我丢人现眼，一辈子别来青魂。”叶孤影沉声道。</p><p>“知道了。”叶孤傲低头，握紧双拳，更想证明自己了。</p><p>龙泉境！</p><p>这是正式修道的第一个境界。</p><p>叶孤傲有哥哥先一步给道法，早早便破了武道圆满，登入龙泉境。姜玥这三个月，有叶孤影赐予资源，为其启蒙修道，同样踏入龙泉境。</p><p>说到这里。</p><p>登天路，要开始了。</p><p>“叶剑王，可是要去那万剑海，继承‘青鸢’？”姚长老声音微颤，仰望叶孤影。</p><p>“嗯。”叶孤影点头，目中有风暴。那是他渴求了二十年的执念。</p><p>“若能成功，青魂剑宗万千剑修，都将以你叶孤影为荣！”姚长老深吸一口气，眼神满是崇敬、赞叹。</p><p>二十岁的封号剑王！</p><p>他叶孤影在青魂剑宗弟子们心目中，就是神一样的存在。</p><p>还要登临万剑海，挑战极限！</p><p>除了跪舔，姚清浅别无选择。</p><p>“准备登天路。”</p><p>她带着姜玥、叶孤傲重回人群。</p><p>等他们回到队伍内的时候，外面上百年轻人，已经准备完毕。他们都知道，叶孤傲是‘关系户’，所以心生敬畏，不敢靠近，更不敢招惹。</p><p>回来后，姜玥目光清冷，站在边侧。</p><p>这群所谓武道天才，都入不了她的法眼。</p><p>忽然！</p><p>她发现身后有个少年，一身白衣。</p><p>“世间，竟有长得如此神俊的男子？”姜玥内心微动。</p><p>这少年，气度太卓越了。</p><p>他站在角落，却让上百人黯然失色。</p><p>一身白衣，好似不是凡间人。</p><p>而是红尘仙。</p><p>姜玥鬼使神差，走到云逍身边，忍不住问：“你，叫什么名字？”</p></div></div></div><div id=\"__reading__mode__content_end_mark_container_id\"><br></div>', '3');
INSERT INTO `chapter` VALUES ('6', '3', '第4章 造化种！', '<div id=\"mainContainer\"><div><div><p>“云逍。”少年目光冷淡看着她。</p><p>“该不会是逍遥的逍吧？”姜玥有些反胃，用开玩笑的语气说道。</p><p>“不巧，正是。”云逍点头。</p><p>“……好名字。”姜玥感觉像是吃了苍蝇，她意兴阑珊，回到叶孤傲旁边。</p><p>果然，世上同名者无数，云逍借仙尸还魂，换了身体，她认不出他了。</p><p>“你对他有兴趣？”叶孤傲瞟了云逍一眼。</p><p>“别胡说！”姜玥冷淡道。</p><p>“你眼光真差，这人一看就是银枪蜡头，还没我哥十分之一帅！”叶孤傲满目鄙夷。</p><p>“我就随口问一句，你别什么人都拿来和你哥比！”姜玥无语道。</p><p>“我知道你舔我哥，不用生气，我开个玩笑。”叶孤傲耸耸肩，再看云逍，心里暗暗道：大爷的，真特么俊！</p><p>他已经注意到，周围起码百分之九十的姑娘，都在偷偷看云逍。</p><p>此颜只该天上有！</p><p>人间哪得几会闻？</p><p>这世上，因为长得好看被围观的，向来都只有倾城美人。</p><p>云逍是独例。</p><p>没办法，这是造化仙的皮囊。</p><p>“定是个软骨头，一会儿要让我碰上，我用金星剑魄，让他领会一下什么叫做刚硬！”叶孤傲阴笑。</p><p>这时，姚长老宣布，登天路正式开始！</p><p>上百年轻人，热火朝天，争先恐后，冲上天路。</p><p>姜玥没多说，便绝尘上山。</p><p>云逍抬头一看，那天路上一片黑雾、树影重重，正是绝佳的战斗之地！</p><p>“姜玥，你家三十三口正在阴曹地府向你挥手！”他眼中闪动一抹凶光，追了进去。</p><p>遁入山林！</p><p>很快，周围都是缭绕的雾气。</p><p>云逍正要追人。</p><p>忽然！</p><p>他的胸口，好像有活物在颤动。</p><p>“什么东西？”云逍一惊。</p><p>他怀里，只有一青铜棺材大板砖。</p><p>哪里来的活物？</p><p>而且，还是毛茸茸的！</p><p>他还没反应过来，一个急躁、粗糙、沙哑的声音，就从怀里响起。</p><p>“阿道，宝宝要喝奶奶！”</p><p>宝宝？</p><p>喝奶奶？</p><p>云逍连忙往胸口一掏。</p><p>他抓了一个软绵绵的东西，拎了出来。</p><p>“？？？”</p><p>这竟是一只小兽！</p><p>它浑身乌黑绒毛，似猫非猫、似狗非狗，头顶上长着两只小角，一双幽蓝色的大眼睛璀璨如星空。</p><p>“你，什么玩意？”云逍掐住它的后颈。</p><p>“老子是你大爹！”那小黑兽爪子乱蹬，双眼瞪着云逍。它声音奶声奶气的，言语却很嚣张。</p><p>“不对……”云逍分明记得，刚才一句‘宝宝要喝奶’，声音是粗糙、沙哑的啊？</p><p>眼前这小兽萌出血！</p><p>这时，小黑兽说着低下头，对着自己的胸口处喊：“赤月，出来！”</p><p>“赤月？”云逍往它胸口一看。</p><p>恐怖一幕出现了。</p><p>撕拉！</p><p>这小黑兽的胸口，陡然咧开一张满是尖牙的血盆大口。</p><p>毛发中还有一双猩红双眼！</p><p>“阿道，宝宝是你二爹！”</p><p>血盆大口中飚出一条满是倒刺的长舌！</p><p>“我艹！”</p><p>云逍呆立当场。</p><p>“这才是那个粗糙的声音！”</p><p>说宝宝要喝奶的那个！</p><p>一只兽，两张脸？</p><p>一张在头上。</p><p>一张在胸口？</p><p>头上那张脸，有湛蓝色眼睛，很萌，言语嚣张，自称老子？</p><p>胸口这血盆大口和猩红双眼，大而凶残，自称宝宝？</p><p>“什么鬼！”</p><p>还大爹二爹？</p><p>他还没回神，小兽胸口那大眼睛就放光，朝着他扑来。</p><p>“奶！”</p><p>“滚，我是男的，没奶！”</p><p>云逍连忙按住它。</p><p>开玩笑！</p><p>就算是男人，被这血盆大口啃一顿，不得一胸血？</p><p>“它叫赤月，你呢？”云逍瞪眼看这小黑兽的头。</p><p>“蓝星！”它头上的脸道。</p><p>它眼睛如湛蓝星海，估计这是‘蓝星’之名的来源。</p><p>而小兽胸口那血盆大口，如一轮赤色弯月，故有‘赤月’之名。</p><p>“简而言之，他们两个意识，控制一个身体？”云逍心里恍然。</p><p>实际上，把它们理解成‘双头兽’就行了。</p><p>“所以说，你们是那铜棺！你是棺盖，它是棺身？”云逍震撼问。</p><p>“看不出来，你还有点智商？”蓝星呵呵道。</p><p>“……”</p><p>云逍看着它们，实在想象不到，那托起浩瀚人间的太古铜棺，竟然成了眼前这一只小黑兽！</p><p>“那你为何喊我‘阿道’？”云逍疑惑问。</p><p>“阿道，就是道，就是造化仙，就是你！”蓝星湛蓝双眼，审视着他。</p><p>“对，造化仙，咔嚓，咔嚓！”赤月实在找不到奶，只能蹲着吃树根解馋。</p><p>“什么是造化仙？”云逍再问。</p><p>“给宝宝喂奶的人。”赤月鼓着腮帮抢答。</p><p>“你别插嘴！”蓝星伸出粉嫩兽爪，拍在自己胸口血腥大眼上，然后对云逍嚷嚷道，“阿道，走，抓‘造化种’去！”</p><p>“造化种？”云逍表示没听过。</p><p>“你重生后，前世记忆，忘光了？”蓝星瞪眼问。</p><p>“忘了。”</p><p>云逍知道，他不是转世重生！</p><p>他一介凡人，死后的魂魄，靠一具无法理解的太古仙尸‘借尸还魂’了。</p><p>“你前世，被六个卑鄙贱畜，给阴了。”蓝星咬牙道。</p><p>“六方祖神？”云逍想起了他借尸还魂时，那数声震天撼地的宣告。</p><p>造化仙，暴无道？</p><p>“对！就是这六方贱畜，将创世后耗尽一切，进入沉睡期的你，推入昆仑炼狱，以万重炼狱仙火煅烧，将你一身的造化血、骨、肉、丹、魂炼化，化作‘造化雨’，洒落道境无数仙域、人间！”</p><p>“他们六个，沐浴造化雨，将你……分而食之！”</p><p>蓝星眼里冒烟！</p><p>“我靠？那这造化仙确实好惨！”云逍哑然道。</p><p>“你是不是傻？”蓝星无语瞪他。</p><p>“阿道，你就是造化仙，惨的人是你……嘻嘻！”赤月咧开血盆大口，捧腹大笑。</p><p>云逍愣住。</p><p>他想说，我就只是借仙尸，还个魂……</p><p>“阿道！我接下来要说的，才是最重要的！”蓝星死死盯着他。</p><p>“你说。”云逍点头。</p><p>“你要重铸造化仙，杀回昆仑炼狱！”</p><p>“只剩人皮，还能重铸？”云逍心里一震。</p><p>说起这，他就来劲了。</p><p>他想活下去，活得好！</p><p>“当然能！只需寻找‘造化种’，夺回你的道体。”蓝星冷声道。</p><p>“造化种？”</p><p>“你造化仙之身，被昆仑炼狱煅烧亿年，在整个道境下了无尽造化雨。那些吸收了造化雨，觉醒各种骨、血、肉、魂、丹天赋的生灵，都是造化种。”</p><p>“这些造化种，等于和六方祖神一起，参与了分尸造化仙！”</p><p>蓝星恨恨道。</p><p>一个造化仙，烧了一亿年的造化雨？</p><p>“这也太狠了！”</p><p>连凡尘的生灵，淋个雨，都分到了一杯羹？</p><p>云逍忽然想起来了。</p><p>这神州大地，确实有‘神仙雨’的传说！</p><p>据说历史上，有无数的人，幸运淋到了神仙雨，觉醒诸多神妙天赋。</p><p>甚至一日之间，就从废物成就天才！</p><p>“原来这些幸运儿，都是造化种。”</p><p>可见，全盛的造化仙，何等恐怖？</p><p>云逍忍不住问：“夺回造化种天赋，我就能逐渐把这人皮给填上？”</p><p>“对！六方祖神，当初吃你最狠，他们是最大的造化种！”蓝星双眼一眯，“不过，你现在薄弱到极致，只能从凡尘的造化种开始。”</p><p>“造化种，多吗？”云逍问。</p><p>“多！到处都是！刚才那个‘叶孤傲’，他就是造化种！”</p><p>“他的丹田呈金色，能稳固更强的龙泉法力，这使得他比同境界修炼者，法力更强……这，就是继承了造化仙‘丹天赋’的造化种。”</p><p>骨、血、魂、肉、丹。</p><p>其中丹，指的是窍穴、丹田等等孕养元气、法力之地。</p><p>还有造化骨、造化血等等。</p><p>“叶孤傲是造化种？”云逍惊讶。</p><p>“不只如此，他兄长‘叶孤影’，丹田里有两处力量结构，这是‘双生丹田’，法力达到同境界修炼者的两倍。他这造化种天赋，比他弟弟，高得多！”</p><p>“阿道，你要重铸造化仙，只能从丹田开始，他们兄弟对你的崛起之路极其关键。”</p><p>“别看你曾经是造化仙，现在，你就是一个道境最底层的残废！”</p><p>本质上，他是一张仙人皮！</p><p>听蓝星说到这里，云逍的双眼，变得灼热了起来。</p><p>金色丹田？</p><p>双生丹田？</p><p>所有造化种的天赋，都源自一场世世代代、洒落道境无尽凡尘仙域的造化雨？</p><p>造化种的尽头，是六方祖神！</p><p>这一条通天路，要一路踩着他们，才能重铸造化仙……</p><p>“叶孤影是更强的造化种？”云逍眼中透出至深的冷意。</p><p>六方祖神太过缥缈，他毫无概念，但是说起叶孤影，他勃然火起。</p><p>“明白了吗？”蓝星期望的看着他。</p><p>“明白了。”云逍点头，“曾经有人要教我认识仙路，我来青魂剑宗，就为斩他头颅。因此，我比你想象之中更渴望强大！但是有一点，我必须要和你说清楚。”</p><p>“你说。”蓝星抬头。</p><p>“我不是阿道。我叫云逍。”他凝视蓝星双眼。</p><p>他，只是一个莫名其妙借仙尸还魂，死而重生的幸运儿！</p><p>“没关系。”蓝星咧嘴一笑，“老子说你是，你就是。”</p><p>云逍：“……”</p><p>沉默一会儿。</p><p>“阿道！”蓝星忽然大声喊了一句，双目轻颤。</p><p>“嗯？”</p><p>“亿万年已过，沧海桑田，物是人非，老子……想你了。”它说着，晶莹的双眼里，泪光涌动。</p><p>“俺也一样！”赤月哭嚎着，血盆大口却还在咔咔吃石头。</p><p>云逍莞尔。</p><p>不知为何，虽是第一次见它们，他内心深处真情涌动。</p><p>正想说点深情的话，赤月忽然激动起来！</p><p>它大声嚷嚷：“前方有奶！阿道，快去！！”</p><p>云逍听到了，确实有动静！</p><p>他穿过一片肃杀的枫林，快步往前。</p><p>正值深秋，落叶遍地。</p><p>云逍往前看去——</p><p>一个青衣女子凄惶跪在枫叶堆里，身躯发抖。</p><p>其长裤破裂，玉腿上有一道深可见骨的剑伤，鲜血淋漓。</p><p>少女面前，站着一个金袍少年。</p><p>那金袍少年，一脸戏谑，洋洋得意。</p><p>“叶孤傲，放过我吧！”女子凄惶哭道。</p><p>“放过你？饿狼岂会放过小白兔？”叶孤傲狞笑一声，当即扑了过去。</p><p>“不可以！这是登天路……”青衣女子一脸恐惧，呜呜痛哭。</p><p>然而她身上有血痕，剧痛入骨，根本反抗不了这狂暴的小猛兽……</p></div></div></div><div id=\"__reading__mode__content_end_mark_container_id\"><br></div>', '4');
INSERT INTO `chapter` VALUES ('7', '2', '第一章 鬼狐夜话', '<p>“他这肉就给俺吃吧，俺喜欢吃咸口。”</p><p>“至于那鲜美的人肝和人心……胡兄是个读过书的，就留给胡兄下酒了。”</p><p>“哎？鬼兄见外了，来，吃酒吃酒！”</p><p>“……”</p><p>油灯将影子洒在窗户上，倒映出一个长着狐耳长嘴和一个披发獠牙的身影，耳边传来的，是它们觥筹交错，放声大笑的声音。</p><p>徐长生蜷缩在柴房墙角。</p><p>快被吓尿了。</p><p>今天是他穿越过来的第三天，他也根据原主的记忆，知晓了这是个聊斋世界。</p><p>这世界有狐仙，恶鬼，山神，水怪，大妖和求长生的炼气士。</p><p>而徐长生目前的身份，是这大虞国郭北县内，礼部侍郎蔡弘业老宅的一个——门房。</p><p>年20的保安，也算是少走了几十年弯路。</p><p>至于家中，爹娘都早在五年前的一次进府城的途中，遭遇大妖过境，一命呜呼。</p><p>也还好他家和这礼部侍郎蔡弘业沾亲带故，所以才将这门房的位置传给了他。</p><p>没学识没技术，在这大虞想找份正经营生，难啊！</p><p>徐长生原想着既来之则安之，先混上一段时间，等彻底熟悉了这世界，再做别的打算。</p><p>可谁曾想，这才第三天，就遇见了这档子事！</p><p>今天他照旧在这守着老宅，拿着原主留下来的一本《灯草和尚》，看地津津有味。</p><p>直到深夜。</p><p>他睡得正香，却忽地被窗户外边两道说话的声音惊醒。</p><p>一个声音尖锐，还带着阴恻恻的感觉。</p><p>另一个则是声音嘶哑，好似喉咙被刀片划伤后发出的声音。</p><p>一个称呼对方为“胡兄”，一个称呼对方为“鬼兄”。</p><p>徐长生知道，麻烦大了！</p><p>他刚想着找个地方躲起来，那胡兄便推门进来了，身上穿着白色绣花书生袍，人身站立，却是个狐狸身子，看着极其骇人！</p><p>他被吓得完全不敢动弹。</p><p>胡兄也没和他客气，直接将他拎起，丢进了现在这柴房。</p><p>再之后，一狐一鬼，便在这柴房外，开始推杯换盏，交友叙旧。</p><p>“难不成，我徐长生好不容易穿越一回，竟是这饲狐喂鬼的命？！”</p><p>徐长生靠在墙根，心如死灰。</p><p>可就在这时，他意识猛地下坠，好像落入了无尽深渊。</p><p>随之一张空白画卷，在其面前徐徐展开，其气象恢宏，好似日月倒悬，龙蛇起陆。</p><p>这不是我穿越前写字的那副画卷吗。</p><p>难不成我穿越是因为它？</p><p>正当徐长生疑惑之际，白底的画卷上，有着黑色字迹缓缓浮现。</p><p>【命主：徐长生】</p><p>【缘法：103缕（白）】</p><p>【命数：一绿一白两灰，丁下之资】</p><p>下一瞬，一股磅礴的记忆突兀汇入了他的脑海，他缓了好一阵才明白过来。</p><p>‘所以这是……天命图？’</p><p>‘我能修改命数！’</p><p>他心念一动，命数那一栏直接有着四道光芒飞出，围绕着画卷穿梭飞舞，流光溢彩，其余文字则渐渐隐去。</p><p>最后这一绿一白两灰的光芒再度打入了天命图，化作一行行文字。</p><p>【一拍即合（绿）：黑发青衫又一年，灿若临风玉树前。你长相英俊，仪表堂堂，因而你说话更容易与人合拍，使人心生好感。</p><p>【阴运（白）：青玉案，红墙头，阳间无运阴间游。你是身怀阴运之人，容易招惹世间秽物。】</p>', '1');
INSERT INTO `chapter` VALUES ('8', '2', '第二章 人鬼狐夜话', '<p>徐长生刚想着难不成是自己押错了？</p><p>这鬼狐都是不通文字之人？</p><p>不应该啊，刚刚依稀间好像听到外边有声音，在说什么“读书狐的事情怎么能算偷呢？”什么“君子固穷”什么“者乎”之类的话。</p><p>就当他心中又生一计时，却听那狐妖连声说道：</p><p>“还请鬼兄稍安勿躁。”</p><p>旋即又对着柴房内喊道：“若兄台所言非虚，还请当面一叙。”</p><p>徐长生畅笑道：“有何不敢？”</p><p>说完径直把门打开，大踏步走到那张八仙桌前，拉开椅子坐下，“人鬼狐夜谈，岂可无酒。”</p><p>“胡兄，尽可满上！”</p><p>长嘴狐妖看了他好一阵，确定他确实是毫无半点畏惧之后，这才咧嘴一笑，更显诡异。</p><p>“有趣有趣。”说完也是起身，从袖中变出一土瓷碗，放在徐长生面前，酒水倒满。</p><p>獠牙恶鬼刚喊的大声，可真见到面色泰然，镇定自若的徐长生后，它反而畏惧了。</p><p>鬼不怕人怕。</p><p>鬼怕人不怕！</p><p>人不怕鬼代表着什么？代表着他有底气！</p><p>“没想到先前倒是看走了眼，这位兄台不仅是个读书人，竟还是个妙人。”狐妖眯着狭长的狐狸眼笑道。</p><p>徐长生端起瓷碗，“如若不然，今日怎可讨得这碗酒水喝？”</p><p>“胡兄，鬼兄，走一个！”</p><p>说完起身，将瓷碗往前一推。</p><p>狐妖紧随其后。</p><p>恶鬼后知后觉，赶忙双手端起，“走、走一个！”</p><p>一人一鬼一狐皆是饮尽，狐妖又给三碗尽皆斟满，分而落座。</p><p>狐妖双爪搭在桌面，搓了搓，“兄台也是念过书的？”</p><p>“识得几个大字。”</p><p>“兄台谦虚了。”狐妖稍加沉思，又问道：“兄台刚刚唱的那曲……”</p><p>——就怕你不问。</p><p>不过就此看来，此方世界是没有西游记的……至少这狐妖是没听过，那就可以放心吹了！</p><p>徐长生微笑着，眼中透露着一丝缅怀，“这是当年小子上山时，一位樵夫传给我的。”</p><p>“敢问这樵夫是在哪？”狐妖双目圆睁，透露着强烈的希冀。</p><p>恶鬼生前没念过书，是个粗胚，自然觉得这是鸟曲。</p><p>可这狐妖原本是在一私塾旁长大，自幼听闻书声阵阵，现如今勉强也算得上是一只——文化狐。</p><p>再加之徐长生所念曲子通俗易懂，狐妖自然能解其中三昧。</p><p>它原本还想着，眼前这人若是说这曲子是他所创，那狐妖绝对当场就将他一口吞吃。</p><p>可没曾想，眼前这人竟然真说是樵夫所传。</p><p>他竟然说实话。</p><p>那这就是真的啊！</p><p>眼前这男子仙缘太浅，可从曲中来看，那樵夫才是实打实地有仙缘之人。</p><p>“胡兄莫不是想问，这仙缘到底在何处？”徐长生端着酒水，不敢再喝。</p><p>狐妖被拆穿之后，颇有些不好意思。</p><p>反倒是那恶鬼，起身直接推开椅子，瞪眼道：“俺原以为是顿美餐，没曾想来了竟是听你们这一人一狐在这说这些鸟语。”</p><p>“去休去休！”</p><p>说完几步走向墙边，穿墙而过，消失不见。</p><p>狐妖已经被徐长生的事迹所吸引，看向那恶鬼的眼神也带了丝鄙夷，而后再度看向了眼前这个人类。</p><p>徐长生见状，拿起一双筷子，敲打着瓷碗，轻声将原文都哼了出来。</p><p>“观棋柯烂，伐木丁丁，云边谷口徐行，卖薪沽酒，狂笑自陶情。</p><p>苍迳秋高，对月枕松根，一觉天明。认旧林，登崖过岭，持斧断枯藤。收来成一担，行歌市上，易米三升。</p><p>更无些子争竞，时价平平，不会机谋巧算，没荣辱，恬淡延生。相逢处，非仙即道，静坐讲黄庭。”</p><p>狐妖眼神愈发沉醉，听到最后，小曲唱完都已经过去好一阵，才恍然惊觉。</p><p>它拉开长椅，躬身作揖，“还请先生指点。”</p><p>徐长生瞥了它一眼，心中大定。</p>', '2');
INSERT INTO `chapter` VALUES ('9', '2', '第三章 与狐话聊斋', '<p>狐妖不敢动了，一寸也不敢动。</p><p>就好似被施展了“时间停止”之术，它眼睁睁的看着徐长生作揖，又听着他说话。</p><p>“这么说，可是小子解出了这‘寻心’二字？”</p><p>“……”</p><p>“是小子愚昧了。”</p><p>紧接着，徐长生目露狂喜，再度作揖，“多谢仙师赐法！”</p><p>“那登仙门……是小子孟浪了，是是是，小子定当全力以赴，争取早回师门。”</p><p>在狐妖惊恐的目光中，徐长生看向了它。</p><p>狐妖不敢开口，只敢用眼神求饶，但徐长生一开口，却是出乎了它的意料。</p><p>“师兄，这野狐也算是我一好友，这……它也明悟了这寻心二字，是不是说它也有仙缘？”</p><p>‘我有啊，我必有！’</p><p>狐妖心中呐喊。</p><p>“这……师兄的意思是，让它先跟着我？到时一块回山？”</p><p>徐长生竖耳聆听一阵，旋即颔首作揖。</p><p>“多谢师兄成全。”</p><p>“师弟恭送师兄。”</p><p>徐长生一揖而下，直到过去三五个呼吸的时间，才起身，理了理衣冠，看向眼前这狐妖。</p><p>后者眨了眨眼，“仙……仙师大人走了？”</p><p>徐长生颔首，微笑道：</p><p>“还喊仙师呢？”</p><p>狐妖愣了几秒，大喜，原地跪下，朝着徐长生刚刚作揖的方向，疯狂磕头，“多谢师兄多谢师兄。”</p><p>“行了，起来吧，师兄知道你的心意就行了。”</p><p>狐妖这才起身，站在原位，也不敢坐下，只是“嘿嘿嘿嘿”地狐笑不停。</p><p>“那……”</p><p>“现在你我还未入仙门，你暂且喊我一声徐兄便是。”</p><p>狐妖连连点头，“徐兄，敢问刚刚……”</p><p>徐长生眼中透露着窃喜，解释道：“刚刚我不和你解释了那寻心二字的由来，可随后，传我仙曲的那樵……现在应该喊师兄了。”</p><p>“我那师兄心生感应，便来接应于我。”</p><p>“那徐兄怎么不趁机和师兄回仙门？”狐妖眼中不解。</p><p>徐长生不屑地看了它一眼，“真当我们仙门，是什么阿猫阿狗都能进的？就算我已算是师门弟子，仍要将师兄刚刚传授于我的那部道法，参玄入门，方可登山。”</p><p>——这才是顶尖仙门的作风啊！</p><p>狐妖心生震撼，“那……那我呢？”</p><p>它终于问道。</p><p>徐长生笑呵呵地看向它，“刚刚听见我向师兄询问了吧？”</p><p>“听见了听见了。”狐妖乖巧地点点头。</p><p>“刚刚我向师兄举荐于你，但是师兄却说，你只是听我讲授，缘法并不深。”</p><p>狐妖眼中的光芒，渐渐消歇下去。</p><p>徐长生笑道：“你不也听见了，我又多求了一声，师兄这才说，等我入山之时，你可随我一块登山，当个杂役弟子。”</p><p>狐妖闻言，忍不住往后一跃，蹲在椅子上，仰天狐叫一声，以宣心中喜悦。</p><p>至于后面的什么杂役弟子，他浑然不顾。</p><p>殊不知宰相门前七品官，只要能入得这顶尖仙门，杂役弟子又如何？</p><p>徐长生一手捂住肚子，脸上犹在微笑。</p><p>“行了，我会尽快参悟这道法，让你我早登仙门的。”</p><p>“如此就多谢徐兄了。”</p><p>“无妨。”徐长生笑着摇摇头，又道：“不知胡兄家住何处？”</p><p>狐妖恍然惊觉，忙道：“小狐名叫胡北枳，家住这郭北县城东的平沙山。”</p><p>徐长生默默记下，又问道：“那刚刚离去那小鬼？”</p><p>胡北枳眯着狭长的狐目，“不过是乱葬岗上一幽魂，徐兄莫忧，小狐待会顺路回去的时候，就斩了此僚。”</p><p>徐长生目露诧异，感情这狐狸，还是个如此刚烈之人？</p><p>“徐兄到底还是经验不足。”胡北枳难得有了一丝自豪，“这幽魂知晓了你我今晚夜谈，保不准它什么时候就传将出去，届时尽给你我添麻烦，倒不如将这危难扼杀于萌芽。”</p>', '3');
INSERT INTO `chapter` VALUES ('10', '2', '第四章 一线生机', '<p>新出现的命数，骑虎难下？</p><p>不能说超乎徐长生的预料，只能说，完全在情理之中。</p><p>就算没有这命数出现，徐长生接下来应该考虑的，也就是该如何解决胡北枳这祸患了。</p><p>怎么解决？</p><p>当然是割以永治。</p><p>割脑袋的割。</p><p>想对付一只狐妖，靠现在的自己肯定是不行的，肯定是要找一个会道法的炼气士。</p><p>或者说自己成为炼气士。</p><p>后面这个……目前来看，完全没有头绪，暂且不提。</p><p>至于找一个炼气士……这郭北县，该去哪找呢？</p><p>徐长生稍一思量，便想到了。</p><p>郭北县，历来是特产聊斋穿越者的地方，其原因自然是城西出去，有个地方，叫兰若寺。</p><p>宁采臣一战成名，成为亡灵骑士的那个兰若寺。</p><p>徐长生通过脑中记忆得知，如今这兰若寺，香火鼎盛，并未成为宁采臣时期的破败寺庙。</p><p>所以自己要么是穿在了宁采臣之前，要么是之后。</p><p>可不管是之前还是之后，徐长生目前所能想到的，最后可能藏有炼气士的地方，也就只有这兰若寺了。</p><p>明天一早，就去看看！</p><p>下定决心之后，胆大无比的徐长生，便昏昏沉沉睡去。</p><p>……</p><p>翌日。</p><p>他起了个大早，花四文钱买了两个大饼当做早饭和午饭之后，就朝着城西的兰若寺出发了。</p><p>搭乘11路公交车，约莫一个半小时，才走到。</p><p>到时，寺门刚开没多久，因为寺庙门口，一个穿褐色僧袍的知客僧，正在监督着几个沙弥打水扫地。</p><p>许是徐长生到的早，年纪又不大，因而这知客僧也是多看了他好几眼。</p><p>可没曾想，他竟然发现，这个年轻的香客竟然看着这兰若寺叹气。</p><p>顿时，这昨晚没睡好的知客僧，就有些不乐意了。</p><p>“阿弥陀佛，不知这位施主见敝寺，为何叹气？”知客僧施了个佛礼。</p><p>徐长生瞥了他一眼，不屑道：“原以为名传这邻里几县的兰若寺，竟是这般凋敝。”</p><p>知客僧愈发生气，刚想反驳，却又听眼前这男子说道：</p><p>“若是被我家那心善的夫人知晓了，怕又是要捐出一大笔香火钱了。”</p><p>知客僧手一抖，佛珠入手，顿时庄严了许多，“不知这位施主来自何地？”</p><p>徐长生淡淡一瞥，很是随意地说道：“金华府。”</p><p>“原来远道而来的信士，在下有礼了。”</p><p>说完这知客僧再度施了一礼，左右叮嘱几声，便转身进去了寺庙。</p><p>——看来鱼儿上钩了。</p><p>徐长生恍若不知，进了这寺庙，也没去大殿烧香。</p><p>烧香一般都是要香火钱的。</p><p>他就是在这寺庙内外，进进出出的打量，时而点头，但更多的时候，还是在摇头。</p><p>约莫盏茶时间过后，知客僧又找到了他。</p><p>“这位施主，敝寺方丈有请。”</p><p>“哦？”徐长生手一挥，“带路。”</p><p>两人穿过宝殿，来到一个静谧的院落，其间种着一颗菩提树，看着倒是颇有意境。</p><p>而在这菩提树下，还盘腿坐着一位老和尚。</p><p>面容极为苍老，好似老树盘根。</p><p>徐长生双手合十对其施了一礼，坐在他对面，知客僧给两人奉了茶水，这才掩门离去。</p><p>老和尚拨着佛珠，睁开清澈的双目，“贫僧法号圆空。”</p><p>“见过圆空大师。”</p>', '4');
INSERT INTO `chapter` VALUES ('11', '2', '第五章 耳中鬼', '<p>发了笔横财？</p><p>徐长生默默记下，现在的当务之急，还是该想办法解决胡北枳那事，这柴家之仇，只能稍稍放下。</p><p>当然，要是有合适的机会，徐长生也不会浪费！</p><p>若是实在不行，就在事发之前，喊上胡北枳，先解决了柴家这个祸患。</p><p>旋即跟刘婶道了声谢，徐长生便朝蔡府走去。</p><p>正开着门，隔壁柴家却是走出个长脸男子，手里还拿着把瓜子，磕个不停。</p><p>“徐长生，这一大早不见你开门，我还以为你没了呢。”柴松林笑呵呵地说道。</p><p>徐长生同样报以微笑，“托你的福，多了个好友。”</p><p>柴松林一头雾水。</p><p>徐长生却没再多说，进屋之后，锁上了大门。</p><p>拖着虚弱的身子，一上午都在赶路，可没把徐长生累死，草草地吃了大饼之后，他就回屋躺下休憩。</p><p>整个蔡府也就他一个人，自在。</p><p>可刚睡下没多久，他就好像听到有人在喊。</p><p>“徐生徐生别睡了。”</p><p>他恍惚一阵，忽而坐起，“谁，谁在喊我？”</p><p>他打量四周，也没看见人影。</p><p>“我在你桌子上。”声音又出现了，很是微弱，像是个小孩的呼声。</p><p>徐长生看向床头那张老旧的木桌，旋即发现，那上头竟然站着一只蚂蚁……</p><p>不，是个跟蚂蚁一样大小的小人！</p><p>“你是？”</p><p>“徐生，我是耳中鬼。”</p><p>“耳中鬼？耳朵里面还有鬼？”徐长生瞠目结舌，这聊斋世界，果真还是无鬼不有。</p><p>小人蹦跳了几下，“不是耳朵里面的鬼，是因为我个子小，能待在人的耳朵里面，所以叫做耳中鬼。”</p><p>徐长生这下明白了，身正胆大的他，也没什么畏惧，反而认真地看着眼前这耳中鬼。</p><p>“你来找我干什么？”</p><p>“我是来报信……是来救你的，你隔壁的柴松林说，他要找机会把你杀了。”</p><p>把我杀了？</p><p>他和原主到底结了多大的仇，徐长生苦思冥想，才发现，两人之间最大的仇怨。</p><p>也就是一次两人一块尿尿，原主说了他一句。</p><p>“好短。”</p><p>难不成就是因为这？</p><p>徐长生问道：“你为什么要来把这事告诉我？”</p><p>耳中鬼在桌上来来回回走了几圈，这才说道：“我是来找你合作的。”</p><p>“合作？怎么合作？”徐长生愈发觉得眼前这小鬼，变得有意思了起来。</p><p>耳中鬼坐在桌面，掉落的一根头发上。</p><p>“其实我原本是住在一处老宅里的，后来不知道怎么被柴松林发现了，他便把我抓来了。”</p><p>“我是从一团头发里边出来的，现在他拿了一根针，把那头发压住了，我就走不了，只能留在他家供他驱使，我要是不听他的话，他就用火烧头发，一烧我就受不了了。”</p><p>耳中鬼说着还打了个寒颤，犹在后怕。</p><p>“所以你是想我帮你把那根针拿开？”徐长生明白了它的意思。</p><p>“对。”小鬼用力点头。</p><p>“那你能给我什么？”</p><p>耳中鬼道：“我原先藏身的那老宅里边，有一部仙法，你要是救了我，我就带你去取。”</p><p>仙法？</p><p>他眼前一亮，难道说，是我那【一线生机】的命格发挥了作用？！</p><p>徐长生没有急着回答了，他在思量，考虑眼前这小鬼所说的话，到底有几分是真的。</p><p>小鬼待了一阵，忽地面露焦急，“不好，柴松林又在喊我了，我得先回去。”</p><p>“你要想好了，就对着他家喊‘耳中鬼耳中鬼。’到时我就会过来见你。”</p><p>说完，他就奋力从窗户上跳了出去，不见了。</p>', '5');
INSERT INTO `chapter` VALUES ('12', '7', '第1章 穿了？还特么成了大明瓦罐鸡？', '<p>永乐十一年，八月。</p><p>暮秋后的清晨，已经略微有了些许凉意。</p><p>金陵帝都斑驳的城墙上，并未在阳光照射下熠熠生辉，反倒散发出鬼魅般的神秘光泽。</p><p>古朴厚重的帝都城墙，也因此带上了几分迷人的魅力。</p><p>此刻帝都城门口处，密密麻麻的京师百姓聚集于此，人声鼎沸，热闹非凡。</p><p>因为，就在前不久，当今天子御驾亲征北伐鞑靼，打得蒙古本部的鞑靼大汗向大明称臣纳贡，皇上敕封鞑靼大汗阿鲁台为和宁王。</p><p>随后皇帝又率军一直进军到擒狐山，在巨石上刻字为碑“翰海为镡，天山为锷，一扫风尘，永清沙漠。”</p><p>这是自汉唐以来，完全不亚于封狼居胥的一次伟大壮举。</p><p>今日是皇帝凯旋回朝，举国同庆的国家之喜。</p><p>所以，整个京师都沸腾了，百姓自发地汇聚于此，盛赞大明这位神武雄主。</p><p>然而谁都没有想到，此刻天街城内却是一片哀鸿遍野，天子车辇被劲弩射得破烂不堪，就连骁勇善战的汉王朱高煦也中箭栽落下马。</p><p>那些箭尖泛着诡异寒光，显然事先已经淬过毒药，只要被擦破一点皮，都是命悬一线的下场。</p><p>“汉王遇刺，快传御医！”</p><p>……</p><p>乾清宫。</p><p>太子与赵王一边吵着，一边匆匆忙忙地入内，随即跪地请安。</p><p>“父皇，孩儿听说天街刺杀一事，过……过来问安。”</p><p>太子爷顶着满头汗水，气喘吁吁地开口道。</p><p>不料朱棣听了这话，缓缓起身上前，自顾自地笑道:“我这次御驾亲征，血战一年之久，打得阿鲁台抱头鼠窜。”</p><p>“想不到大捷还朝，走到自己家门口，竟然出了这样的事儿！”</p><p>大胖胖身子一颤，急忙低下了头，不敢直视自己亲爹。</p><p>赵王朱高燧见老头子发怒，也是乖乖垂下了头。</p><p>顿了顿，朱棣看着这两个儿子，轻声问道:“老二伤势如何？”</p><p>“爹，那些刺客在箭上淬了毒，好在太医救治得及时，老二休息几日就没有大碍了。”</p><p>听了这话，朱棣一颗心顿时放回了肚子里。</p><p>紧接着，他又满脸铁青地看向太子朱高炽。</p><p>“要不是老二侦查得及时，提前侦查到了反贼的动向，你今天来，就不是问安了吧？”</p><p>这意味深长的话语，吓得大胖胖手足无措。</p><p>“我……爹啊……我这……”</p><p>朱棣冷冷地扫了他一眼，“外有强敌，内有叛党，你这个国，是怎么监的？！”</p><p>铁憨憨支支吾吾说不出来话，只能跪倒在地上不发一言。</p><p>朱棣见他这副模样，顿时气就不打一处来。</p><p>“赵王，带着五城兵马司的人，还有你麾下的锦衣卫，封锁城门，全城搜捕，去查清楚！”</p><p>“这些反贼是何时到的京城，何人安排，有何用意，经何人接应，都给朕全查出来！”</p><p>赵王一怔，随即欣喜领命:“儿臣遵旨！”</p><p>……</p><p>汉王府。</p><p>一片愁云惨淡。</p><p>府内一片莺莺燕燕，此刻都望着那道魁梧身影，满脸忧色。</p><p>汉王妃韦氏试探性地走上前，“王爷，您刚苏醒，饮酒伤身呐。”</p><p>朱高煦回头望了一眼这个温婉貌美的丰腴女子，强颜笑道:“你们都下去吧，让我一个人静静。”</p>', '1');
INSERT INTO `chapter` VALUES ('13', '7', '第2章 监国？你疯了吧？', '<p>金陵帝都，紫禁城。</p><p>大明皇宫，恢宏壮丽，雕梁画栋，朱甍碧瓦，都在阳光下熠熠生辉。</p><p>汉王朱高煦环顾四周，只见到处都是宫宇大殿，到处都是巡逻禁军，整个皇宫充满了恢宏森严的气度。</p><p>看着眼前这座巍然的壮丽宫廷，朱高煦神情有些恍惚。</p><p>虽然那日遇刺时中了毒箭，但好在御医救治及时，加上原主这孔武有力的身体，没过几日便恢复如初了。</p><p>这几日里，整个金陵帝都都陷入了混乱之中。</p><p>赵王朱高燧带着五城兵马司与锦衣卫人马封锁城门，挨家挨户地全城搜捕，势要揪出此次刺王杀驾的幕后黑手。</p><p>一时之间，上至朝堂重臣，下到黎民百姓，都是人心惶惶，如履薄冰，唯恐牵扯进这惊天大案之中。</p><p>倒是朱高煦悠闲地养了几天伤后，还是下定决心入宫面圣。</p><p>他这几天深思熟虑认清现实后，就已经打定主意，前去云南就藩。</p><p>继续待在京师，未来势必逃不过被做成瓦罐鸡的命运。</p><p>既然如此……那老子不陪你们玩了！</p><p>舍弃那不该有的夺嫡野心，去云南这山清水秀的地方，做个依红偎翠的逍遥王爷，他不香吗？</p><p>那张龙椅有什么好坐的？</p><p>起的比鸡早，睡的比狗晚，吃的比猪差，干的比驴多……</p><p>脑子有问题才去争这个位置。</p><p>一想到这儿，朱高煦顿时眉头舒展，迈着老爷步走向了乾清宫。</p><p>迎面宫人见了，纷纷点头哈腰地行礼，给足了他这位汉王爷脸面。</p><p>毕竟谁都知道，汉王在前几日的刺杀案中为了保护陛下，险些命丧黄泉，皇上为此大发雷霆，不但怒斥了太子爷，还收走了他监国理政时期批阅的奏章。</p><p>换句话来说，皇上这是对太子殿下感到不满了啊！</p><p>朱高煦和煦地同众人打着招呼，很快便来到了御书房外。</p><p>走进御书房，只见身着明黄色龙袍的永乐大帝，正斜斜地倚在软榻上，手中还握着奏疏，似乎正在假寐。</p><p>“老二啊，你来了？身子骨怎么样了？都好全了吗？”</p><p>听得这个中气十足的声音，朱高煦顿时心中一动。</p><p>永乐大帝，朱老四。</p><p>他按捺不住心中的好奇，有些违礼地抬头看了过去。</p><p>永乐大帝啊！</p><p>还是有血有肉的那种！</p><p>只见这位大帝面容英武硬朗，不过带着一丝疲惫，双鬓微微的斑白，虽然倚靠在床榻上面，却自有一股掌握天下的气度。</p><p>这，就是缔造了永乐盛世的千古一帝，永乐大帝朱老四。</p><p>朱棣似乎察觉到了他的目光，有些狐疑地看着自家老二，下意识地扯了扯胡须。</p><p>朱高煦见状立马准备跪地行礼，朱棣却是笑着摆了摆手。</p><p>“你这小子，几日不见倒是拘起礼来了，爹问你伤好了没？。”</p><p>“爹，区区小伤，不足挂齿。”</p><p>朱棣听了后欣慰地笑了笑，对这个勇武过人的儿子，他一向都很偏爱。</p><p>一方面是因为太子温文尔雅，根本不像他这个马上征战的老子。</p><p>另一方面，也是因为将老大立为太子，朱棣一直对朱高煦有些愧疚。</p><p>毕竟，当年在战场上浴血搏杀、拿命去拼的，不是老大，而是老二。</p><p>“你今天来是有什么事儿吗？这才休息几天就闲不住了？”</p><p>迎着永乐帝的目光，朱高煦赢着头皮开口道:“爹，现在四海承平，国富民安，儿子想……想去云南就藩。”</p>', '2');
INSERT INTO `chapter` VALUES ('14', '7', '第3章 骗，接着骗！', '<p>“混账！你怎么跟朕说话呢？”</p><p>朱棣老脸一黑，顿时喝道。</p><p>这老二今日到底是什么意思？</p><p>突然抽了什么疯？</p><p>顺着他的心意让他去闹腾，还让他监国，他还一副死了亲爹……亲娘的模样？</p><p>朱高煦咽了咽口水口水，有些脊背发凉地看了一眼自己这个便宜老子，心中憋屈到了极点。</p><p>难怪历史上的汉王爷，胆大包天地敢夺嫡争位，原来都是被这个亲爹给坑的！</p><p>时不时在你耳边来上一句:“哎呀，你大哥身子骨差，眼瞅着活不了几年了，你要继续努力啊！”</p><p>这谁顶得住啊？！</p><p>见过坑爹的，没见过这么坑儿子的啊！</p><p>历史上的汉王朱高煦，算是被永乐帝给坑惨了！</p><p>好在朱高煦已经不是原来那个朱高煦了，他现在是优秀的进步青年。</p><p>朱棣让自己监国，这差事能接吗？</p><p>我监你姥姥！</p><p>监国那是储君的特权！</p><p>大明现在有储君吗？</p><p>不但有，还有两个！</p><p>太子朱高炽！</p><p>太孙朱瞻基！</p><p>你让我监国，太子与太孙会怎么想？</p><p>这简直是把自己往火坑里推，往绝路上逼啊！</p><p>朱高煦一旦监国，那朝野皆知他有夺嫡之心，将来势必会遭到新帝的清算。</p><p>太子大哥宽厚仁慈，不会对他下手，但那位好大侄儿可是与朱棣一样心狠手辣的主儿啊！</p><p>事实上，朱高煦也正是被好圣孙朱瞻基活活做成了瓦罐鸡烤肉！</p><p>一想到那般凄惨的死法，朱高煦顿时就打了个寒颤。</p><p>“爹啊，一直以来都是大哥监国，儿子从未接手过政务，没有经验啊……”朱高煦急得眼泪都快流下来了。</p><p>朱棣见状似笑非笑地道:“没有经验可以学嘛，老大他也不是生下来就会处理政务。”</p><p>我学你姥姥！</p><p>你个坑儿子的狗贼！</p><p>“不是啊爹，大哥监国期间，朝政处理得当，一直没有任何纰漏，您这样做对大哥不公平啊！”</p><p>万般无奈之下，朱高煦只能转换思路，试图用温情感化这坑儿贼。</p><p>然，并，卵。</p><p>不提太子倒好，一提太子，朱棣心中这火气就上来了。</p><p>“没有纰漏？朕亲征阿鲁台大胜还朝，血战一年之久都没出事，没想到在自个儿家门口被人刺杀！”</p><p>“外有强敌，内有叛党，还差点连累了你，你说太子这国是怎么监的？”</p><p>朱棣大言不惭地贬低着太子朱高炽，朱高煦在一旁听得都快笑了。</p><p>啊对对对！</p><p>最后你还不是把皇位传给了老大？</p><p>这副嘴脸，令人发指！</p><p>不着痕迹地偷偷朝他竖了个中指，朱高煦这才想明白，为何朱棣要让自己监国。</p><p>内有叛党只是小事，那些个靖难遗孤，除了时不时跳出来恶心一下朱棣，根本就翻不起大浪来。</p><p>外有强敌，才是朱棣收走太子监国大权的真正原因。</p><p>朱高煦险些都快忘记了，朱棣是个战争狂热份子！</p><p>为什么会这样？</p><p>因为朱棣得位不正。</p><p>无论他怎么篡改史书，无论他如何文过饰非，后世子孙也会知道，他朱棣是靠靖难之役，抢了侄子朱允炆的皇位登基！</p><p>朱棣现在就好比李唐王朝的李世民，一个抢了大哥的皇位，一个抢了侄子的龙椅，一样得位不正。</p><p>所以他们都迫切地想要向世人证明，自己才是天命所归，通过卓越的政绩，为自己即位取得合法性，让世人认可。</p>', '3');
INSERT INTO `chapter` VALUES ('15', '6', '第一章 三胎', '<p>“世子爷，圣后在永安宫召见，奴婢在外候着，您准备一下。”</p><p>寝殿外，独孤后的贴身女婢阿楼的声音传来。</p><p>“知道了，请楼嬷嬷稍待片刻。”</p><p>刚刚才躺下的杨铭赶忙从榻上坐起，为他暖被窝的两个小丫鬟暖冬、凉夏则比他先一步下床。</p><p>一个摸黑点灯，一个赶忙将暖炉移出被窝，替杨铭准备衣服。</p><p>大晚上的，祖母召见自己做什么呢？</p><p>晚饭还在一块吃的，有什么事儿吃饭的时候怎么不说呢？</p><p>杨铭一脸困意的任由两个丫鬟为自己穿衣戴冠。</p><p>穿越到这方奇异的大隋王朝已经六年了，杨铭早就习惯了这里的生活方式。</p><p>如今的大隋王朝和自己前世从历史课本上学到极为相似，如果真要说点不同的话，就是这里的人很多都会武功。</p><p>不是杂耍卖艺的把式，是真的飞檐走壁，还有术士，不是那种坑蒙拐骗的术士，是真的会法术。</p><p>而杨铭，是隋文帝杨坚和皇后独孤伽罗的孙子，血脉纯正的皇室贵胄。</p><p>至于他爹是谁？</p><p>不提也罢！</p><p>总之，有爹有妈有背景，以至于起点孤儿院痛失一员大将。</p><p>大伴徐景，是从小陪伴他长大的太监，已经带人准备好了车辇，在殿外恭候。</p><p>暖冬、凉夏一左一右，牵着世子爷的小手走出殿外，登上车辇，然后在看上去很年轻的楼嬷嬷提灯引路下，前往独孤皇后居住的永安宫。</p><p>事实上，杨铭刚刚满月的时候，就被亲爹亲妈兴高采烈的从江都送回了京都大兴，从此由独孤皇后亲手抚养。</p><p>今年他已经十一岁了，距离从男孩变成男人，还有四年。</p><p>是的，十五岁在大隋，就算成年了。</p><p>杨铭所住的月华殿距离永安宫不远，是独孤后特意安排的，她不希望小孙子离自己太远。</p><p>也就不到二十分钟，车辇落下。</p><p>换成楼嬷嬷牵着杨铭的小手，进入永安宫，其他人都在殿外老实候着。</p><p>独孤伽罗今年已经五十三岁了，这位在大隋王朝一人之下万人之上的开国皇后，因为保养特别好的缘故，所以看上去仍像是风华正茂的端庄美妇，举手投足、从内到外都透露着一股母仪天下的威严。</p><p>见到孙儿进来，独孤伽罗笑嘻嘻的朝杨铭招手：</p><p>“麒麟儿快过来，本不欲晚上召见，但祖母今夜辗转难眠，所以想着跟你商量件大事。”</p><p>好嘛，你失眠也不让我睡觉？杨铭在心里翻了个白眼，笑眯眯的走了过去。</p><p>虽是寒冬，但永安宫铺设有地龙，殿内温暖如春，</p><p>楼嬷嬷帮杨铭脱去外袍后，杨铭直接钻进了独孤皇后柔软的怀里。</p><p>独孤伽罗一身常服，及腰的乌黑长发披散在背后，身材保养得当，小腹没有丝毫赘肉，一点都看不出，这是一位生了十个孩子的伟大母亲。</p><p>是的！十个！</p><p>“皇祖母，究竟找孩儿有什么事呢？”</p><p>即使殿内温暖，但杨铭还是觉得有点冷，忍不住朝独孤后的怀里又钻了钻。</p><p>独孤伽罗摸着孙子柔软的小屁股，指着身前长几上的一副卷轴，笑道：</p><p>“这件事祖母已经筹划许久，今吾麒麟儿已近成年，是该早做打算了。”</p><p>然后，在独孤伽罗的眼神示意下，楼嬷嬷跪伏于地，缓缓将卷轴打开。</p><p>入目所见，是数不清的美女插画图。</p><p>插图旁还备注着女子的出身、年龄、喜好等等等等，非常全面。</p><p>只看一眼，杨铭瞬间明白了，</p><p>这是要给自己选妃？</p><p>“你先瞧一瞧，挑几个中眼的，然后祖母再给你把把关，”独孤伽罗放开杨铭，让他自己去观察画轴上的女子。</p><p>杨铭趴在长几上，眼睛一眨不眨，将其上所画的女子一一过目。</p><p>头一个就是：</p><p>“李秀晴，陇西李氏，荥阳太守李渊长女，母北周神武郡公窦毅之女窦氏，生于开皇五年.......”</p>', '1');
INSERT INTO `chapter` VALUES ('16', '6', '第二章 不做第二人想', '<p>既然祖母要给自己选妃，那么封王也应该会提上日程。</p><p>对此，杨铭还是很开心的。</p><p>选不选妃不重要，反正早晚都得选，但早一点封王，那区别可就大发了。</p><p>他现在住在月华殿，正儿八经的后宫，整个月华殿的日常开销都是走的永安宫的账，是从内府支出，所以他一点零花钱都没有。</p><p>这可不太好，他需要钱，需要很多很多的钱来培植自己的势力。</p><p>因为他不想和自己那位暴躁老爹一起等死。</p><p>思前想后，杨铭还是做出了选择，</p><p>“孩儿愿娶李氏为妻，”</p><p>在杨铭看来，娶了李秀晴是可以为自己兜底的，换句话说，将来可以保住他的小命。</p><p>独孤后听罢只是微笑，却不说话，修长的手指在长几敲打了三声。</p><p>“叮叮叮，”</p><p>杨铭仿佛从这三声清脆响音之中听到了另外一层意思：“再想想。”</p><p>完了，芭比q了......看样子自己这位慈爱的祖母，内心早已有了选择。</p><p>要知道，祖父杨坚和祖母独孤都是个人意念极强的主，基本上他们做出的决定，别人根本更改不了。</p><p>与其讨人家不高兴，不如顺着来。</p><p>“凤儿天生丽质，不做第二人想，”杨铭硬着头皮说道，他已经猜到独孤后属意谁了。</p><p>果然，独孤后听完微笑点头：</p><p>“其实李氏也很不错，但凤儿更好，吾儿还是有眼光的。”</p><p>您快拉到吧.......你不知道我爹将来会捅多大的篓子，您亲手葬送了孙儿最好的一次保命机会。</p><p>杨铭算是死心了，正妃只能有一个，既然祖母钦定了独孤氏本家姑娘，那自己已经没有第二个选择了。</p><p>别指望能娶人家李秀晴做妾，纯粹做梦呢那是。</p><p>陇西李氏和杨家都属于关陇贵族集团，是大隋王朝的基本盘，现任阀主是右领军大将军李安。</p><p>李安是谁呢？历史上初唐凌烟阁二十四功臣当中，排名第二的河间王李孝恭，就是李安的二儿子。</p><p>而李渊板上钉钉会成为李安之后，下一任阀主继承人，所以他的嫡女只能给人当正妻，除非杨铭是亲王而不是世子。</p><p>况且独孤后这个人，是个地道的封建女权主义者，坚持一夫一妻制，杨铭将来能不能娶妾都不一定呢。</p><p>独孤伽罗对杨铭的选择非常满意，温柔的将孙子紧紧抱在怀里，摇啊摇.......</p><p>“阿楼，给洛阳传消息，选一个好日子，让他们将凤儿送来大兴，本宫要亲自调教。”</p><p>“是.......”楼嬷嬷缓缓退出大殿。</p><p>“吾儿今晚就留下，与祖母一块睡，待到明日你祖父回来，给你丈量一块封地，”独孤伽罗一脸慈爱的望着怀中的宝贝孙子。</p><p>杨铭大喜，笑眯眯道：“孩儿一切都听祖母的。”</p><p>.......</p><p>床榻上，杨铭轻轻将独孤后搂着自己的两条胳膊挪开，耳中听着祖母均匀的呼吸，辗转反侧。</p><p>他还能潇潇洒洒再活十来年，十来年后，天下就大乱了。</p><p>而且那个时候的自己一定死的很惨。</p><p>谁让他给那位大爷当了儿子呢？</p><p>其实刚刚穿越过来的那两个月，他也曾私底下盘算过，要不要在杨坚夫妇面前，帮着太子说好话。</p>', '2');
INSERT INTO `chapter` VALUES ('17', '6', '第三章 小狗崽子', '<p>听起来，堂堂太子调戏民女，似乎也不是多大点事，只要把事情压着不要传出去，并不会有损皇室形象。</p><p>以前也没见杨坚夫妇发这么大的火，但这次杨勇犯了一个大忌。</p><p>地点选错了......</p><p>调戏尚属其次，重点是寺庙。</p><p>大兴善寺，是佛教“密宗”祖庭，大隋皇朝的皇家寺院。</p><p>主持灵藏大师是杨坚的亲密好友，寺内更有慧远、慧藏、僧休、宝镇、洪遵、昙迁六大神僧常住于此，开设译场，传法授业，乃北方佛法最盛之地。</p><p>杨勇敢在这里放肆，几乎等于掰开杨坚的嘴巴往里吐浓痰。</p><p>杨铭越来越觉得，自己这位大伯，做事情实在是有点拎不清。</p><p>连他都知道在大兴善寺不能乱来，杨勇怎么能犯这种低级错误？</p><p>要知道，杨坚极为推崇佛教，甚至自诩为神佛之子，</p><p>因为杨坚就是出生在冯翊郡（今陕西大荔县）的般若寺，由女尼智仙抚养长大，他还有个佛门名字叫那罗延（金刚力士）。</p><p>至于独孤皇后，伽罗，伽罗，这本来就是个带有浓重佛教色彩的名字，人家独孤后也是佛教的忠实信徒。</p><p>杨勇是吃坏脑子了？怎么敢在大兴善寺，神佛面前胡来？</p><p>在一旁听了半晌，杨铭也算是大致知道了事情的前因后果。</p><p>被杨勇调戏的民女叫宇文毓敏，什么民女啊，人家是寿州总管宇文述的二闺女，正经的大家闺秀。</p><p>独孤伽罗给自己的选妃插画图上，还有宇文述的四闺女宇文察敏呢。</p><p>宇文述是谁？那和自己老爹是穿一条裤子的，他还有三个大名鼎鼎的儿子：宇文化及、宇文智及、宇文士及，隋末三大白眼狼。</p><p>杨铭隐隐约约觉得，这事不会是自己老爹给太子下的套吧？要不然怎么会这么巧呢？</p><p>午膳被宫女呈上来，祖孙三人围在一起吃饭。</p><p>杨坚似乎突然想起什么，起身来到崩裂的龙案前，捡起一条桌腿，拿在手里掂了掂，递给杨铭道：</p><p>“试一试，能抡的动吗？”</p><p>杨铭双手接过，拿在手里试了试了重量：“敢问祖父，你想让孩儿怎么抡？”</p><p>“朝你大伯脑袋上抡，”杨坚道。</p><p>杨铭嘴角一抽：“这不好吧？孩儿怎敢以器械敲打大伯？”</p><p>“你是代朕去打，等于是朕打，”杨坚微笑纠正道：“不要带人，你一个人去，期间发生什么，回来一五一十告诉朕。”</p><p>杨铭一脸惆怅的看向独孤后，小脸上满是为难。</p><p>独孤伽罗笑道：“无妨，吾儿直管去，谁敢拦你，就用这条桌腿敲打他，就算是你那几个猪狗不如的哥哥，也照打不误。”</p><p>好嘛，这唱的是哪一出？人家杨勇本来就跟自己老爹不对付，这是嫌仇结的不够大？</p><p>片刻后，杨铭像是个即将出嫁的小姑娘一样，扭扭捏捏的被楼嬷嬷送出了永安宫，心里那叫一个忐忑。</p><p>这条桌腿怕不是有四五斤重，这要抡到杨勇头上，估摸着要破相。</p><p>按照杨勇的性格，他能让你朝他脑袋上抡？</p><p>此去东宫，怕不是羊入虎口，凶多吉少啊。</p><p>宫城内的御林军，当然都认识杨铭。</p><p>此时无论守卫站岗的禁军还是巡逻的禁军，都是一脸诧异的望着这位最得宠的小世子，扛着一根桌腿摇摇晃晃的朝东宫走去。</p><p>东宫守卫没人敢拦杨铭。</p><p>但是有人敢。</p><p>太子洗马李纲。</p><p>太子洗马这个官职隶属于东宫，属正二品，等同于太子的导师。</p><p>当李纲见到杨铭这副模样时，忍不住询问道：</p><p>“世子殿下这是作何去？”</p>', '3');
INSERT INTO `chapter` VALUES ('18', '6', '第四章 八岁习武', '<p>“放肆！”</p><p>远在湖边水榭中的杨勇见状，勃然大怒。</p><p>这小王八犊子越来越不像话了，连自己儿子都敢打？</p><p>杨勇知道，这小子在父皇母后那里极为得宠，整个东宫唯有自己和太子妃元珍能教训杨铭，剩下的都没这个胆子，也没这个资格。</p><p>于是他长身而起，直接从一旁的侍卫手里抽出一口宝刀，气势汹汹的朝杨铭走来。</p><p>一时间，曲也停了，舞也停了，所有人都瞠目结舌的望着这一突发状况。</p><p>杨铭也害怕啊.......</p><p>他这个大伯是个直性子，没有城府没有心机，想一出是一出，做什么事情都是率性而为。</p><p>放在寻常百姓家里，这是一个正常人，放在皇家，就成了蠢蛋了。</p><p>这样的人目睹儿子被爆头，那是真敢下刀子的。</p><p>杨铭赶忙后退，口中连连道：</p><p>“侄儿是奉祖父祖母之命，前来敲打大伯，大伯你先冷静一下。”</p><p>“放你的屁！”</p><p>杨勇倒也没真敢动刀子，而是一脚踹在杨铭胸口，顿时将杨铭踹了个四脚朝天，</p><p>“父皇岂会让一个小辈来敲打孤，你这是犯上！”</p><p>这一脚倒也没把杨铭踢伤，毕竟他八岁习武，还是有些底子的，要不然也不会一棍子就爆了杨俨的头，</p><p>“确实是祖父祖母的旨意，不信大伯可派人去问。”</p><p>杨勇听了也心虚啊，难道是真的？</p><p>不可能吧？父皇怎么会让老二的儿子来敲打我？我一没犯事又是麒麟小狗的长辈，父皇母后怎会有这样奇怪的旨意？</p><p>但是转念一想，杨铭这小子也没胆子假传旨意啊？</p><p>偏巧这个时候，李纲回来了，只见他朝着杨勇略一揖手，道：</p><p>“小殿下断不会撒谎，此举必是至尊和圣后的意思，虽不知缘由，但还请殿下跪地受罚。”</p><p>李纲是个明白人啊，他已经看出这段时间皇帝皇后看杨勇不爽，而且小世子杨铭才十一岁，怎么可能假传圣旨。</p><p>越是这种关键时刻，太子越是要收敛，甚至还需想方设法讨好至尊圣后，挽回父母的心意。</p><p>他刚才就是越想越不对劲，才赶忙返回，免得事态严重。</p><p>杨勇拎着手里的宝刀，皱眉不语。</p><p>他虽然不待见李纲，但这老小子确实是有主意的人，就是平时嘴巴太欠，老是约束自己很讨人嫌。</p><p>沉吟半晌，杨铭忽然扔掉宝刀，令人将受伤的长子带下去敷药包扎，然后笑眯眯的走过来，亲手将杨铭从地上扶起，帮他拍掉身上的尘土。</p><p>“你这娃子，早说啊，”杨勇此时的表情，完全是大伯对小侄子该有的宠溺，</p><p>他是个愣头青，但是他不傻。</p><p>立即就联想到自己肯定是犯了什么事，被父皇母后知道，这才让麒麟小狗来警告自己。</p><p>“你回去告诉父皇母后，就说我已经受罚了。”</p><p>杨铭一愣，赶忙道：“侄儿并未打，若是如此回复，岂不是欺君？”</p><p>“你这傻娃子，”杨勇本来下意识想给杨铭一巴掌，结果手臂挥到半空，在李纲的一声干咳下，又换成了亲昵的抚摸，</p><p>“别这么实诚，打没打，父皇母后又不知道，我不说你不说，谁知道呢？”杨勇挤眉弄眼道。</p><p>杨铭摇了摇头：“大伯就配合一下嘛，侄儿就是走个流程，你得让我回去好复命啊。”</p><p>杨勇顿时怒道：</p><p>“你这娃子，当着这么多人的面，孤能让你敲打？我是太子，你要打了，岂不是置皇室威严于不顾？既然是走流程，意思意思就行了，别这么死脑筋。”</p><p>杨铭还是摇头：“大伯若是觉得丢人，那咱们就换个没人的地方，总之我这一棍子，肯定是要抡下去的。”</p><p>杨勇憋着一口气看向李纲，希望他能给出个主意。</p><p>谁知李纲却道：“圣命不可违，殿下还是早早让小世子回去复命，然后殿下再亲自前往二圣那里请罪。”</p>', '4');

-- ----------------------------
-- Table structure for comment
-- ----------------------------
DROP TABLE IF EXISTS `comment`;
CREATE TABLE `comment` (
  `id` int unsigned NOT NULL AUTO_INCREMENT,
  `book_id` int unsigned NOT NULL,
  `chapter_id` int unsigned NOT NULL,
  `member_id` int unsigned NOT NULL,
  `comment_desc` varchar(255) DEFAULT NULL COMMENT '评论内容',
  `comment_like` int NOT NULL DEFAULT '0' COMMENT '评论点赞 ',
  PRIMARY KEY (`id`),
  KEY `idx` (`member_id`) USING BTREE,
  KEY `ixs_book` (`book_id`,`chapter_id`) USING BTREE
) ENGINE=InnoDB AUTO_INCREMENT=16 DEFAULT CHARSET=utf8mb4 COLLATE=utf8mb4_0900_ai_ci COMMENT='书籍评论列表';

-- ----------------------------
-- Records of comment
-- ----------------------------
INSERT INTO `comment` VALUES ('1', '1', '1', '1', '为什么这么利好 主角光环太严重了', '0');
INSERT INTO `comment` VALUES ('2', '1', '1', '3', '【test3】:感觉不合时宜啊 为什么主角就得到了逆天功法 ', '0');
INSERT INTO `comment` VALUES ('3', '1', '1', '3', '【test3】:看了这么久就很奇怪啊，平均每年为家族带来一千多块灵石，是除了家族灵鱼生意外的第二大收益', '0');
INSERT INTO `comment` VALUES ('4', '1', '1', '3', '【test3】:看了这么久就很奇怪啊，平均每年为家族带来一千多块灵石，是除了家族灵鱼生意外的第二大收益', '0');
INSERT INTO `comment` VALUES ('5', '1', '1', '3', '【test3】:看了这么久就很奇怪啊，平均每年为家族带来一千多块灵石，是除了家族灵鱼生意外的第二大收益', '0');
INSERT INTO `comment` VALUES ('6', '1', '1', '3', '【test3】:看了这么久就很奇怪啊，平均每年为家族带来一千多块灵石，是除了家族灵鱼生意外的第二大收益', '0');
INSERT INTO `comment` VALUES ('7', '1', '1', '3', '【test3】:看了这么久就很奇怪啊，平均每年为家族带来一千多块灵石，是除了家族灵鱼生意外的第二大收益', '0');
INSERT INTO `comment` VALUES ('8', '1', '1', '3', '【test3】:看了这么久就很奇怪啊，平均每年为家族带来一千多块灵石，是除了家族灵鱼生意外的第二大收益', '0');
INSERT INTO `comment` VALUES ('9', '1', '1', '3', '【test3】:看了这么久就很奇怪啊，平均每年为家族带来一千多块灵石，是除了家族灵鱼生意外的第二大收益', '0');
INSERT INTO `comment` VALUES ('10', '1', '1', '3', '【test3】:看了这么久就很奇怪啊，平均每年为家族带来一千多块灵石，是除了家族灵鱼生意外的第二大收益', '0');
INSERT INTO `comment` VALUES ('11', '1', '1', '3', '【test3】:看了这么久就很奇怪啊，平均每年为家族带来一千多块灵石，是除了家族灵鱼生意外的第二大收益', '0');
INSERT INTO `comment` VALUES ('12', '1', '1', '3', '【test3】:看了这么久就很奇怪啊，平均每年为家族带来一千多块灵石，是除了家族灵鱼生意外的第二大收益', '0');
INSERT INTO `comment` VALUES ('13', '1', '1', '3', '【test3】:看了这么久就很奇怪啊，平均每年为家族带来一千多块灵石，是除了家族灵鱼生意外的第二大收益', '0');
INSERT INTO `comment` VALUES ('14', '1', '1', '3', '【test3】:看了这么久就很奇怪啊，平均每年为家族带来一千多块灵石，是除了家族灵鱼生意外的第二大收益', '0');
INSERT INTO `comment` VALUES ('15', '3', '3', '3', '【test3】:人生百态，各有千秋。一个人生活在这个世界上，就要面对各种各样的人、各种各样的事、各种各样的人际关系。一个人不管有多聪明，多能干，背景条件有多好，如果不懂得如何做人、做事，那么他最终的结局肯定是失败。', '0');

-- ----------------------------
-- Table structure for feedback
-- ----------------------------
DROP TABLE IF EXISTS `feedback`;
CREATE TABLE `feedback` (
  `id` int unsigned NOT NULL AUTO_INCREMENT,
  `member_id` int DEFAULT NULL COMMENT '用户id',
  `feed` varchar(255) DEFAULT NULL COMMENT '反馈内容',
  `feed_day` varchar(255) DEFAULT NULL COMMENT '反馈时间',
  `callback` varchar(255) DEFAULT NULL COMMENT '回复内容',
  `user_id` int DEFAULT NULL COMMENT '回复后台id',
  PRIMARY KEY (`id`),
  KEY `idx` (`member_id`)
) ENGINE=InnoDB AUTO_INCREMENT=12 DEFAULT CHARSET=utf8mb4 COLLATE=utf8mb4_0900_ai_ci COMMENT='用户反馈记录表';

-- ----------------------------
-- Records of feedback
-- ----------------------------
INSERT INTO `feedback` VALUES ('1', '1', '希望小说内容能快点更新 ', '2023-09-10 10:00:00', '感谢您的关注，希望能持续给您带来好的体验。', '2');
INSERT INTO `feedback` VALUES ('2', '3', '分身乏术发多少放入工会个人和规范化复工后讽德诵功梵蒂冈讽德诵功讽德诵功讽德诵功讽德诵功', '2023-09-10 16:56:28', '', '0');
INSERT INTO `feedback` VALUES ('3', '3', '法大使馆的萨公司当地方地方地方', '2023-09-10 16:59:34', '', '0');
INSERT INTO `feedback` VALUES ('4', '3', '范德萨范德萨发第三方速度都是', '2023-09-10 16:59:37', '', '0');
INSERT INTO `feedback` VALUES ('5', '3', '【test3】:发生的恢复施工法大使馆梵蒂冈发的是发大V发大V光环讽德诵功讽德诵功发的功法轨顶风道施工方都是丰东股份都是割发代首割发代首讽德诵功发多少股份的时光', '2023-09-11 00:17:40', '', '0');
INSERT INTO `feedback` VALUES ('6', '3', '【test3】:优酷与考核方式讽德诵功讽德诵功发施工方都是割发代首高富帅发多少', '2023-09-11 00:17:48', '', '0');
INSERT INTO `feedback` VALUES ('7', '3', '【test3】:《黄鹤楼送孟浩然之广陵》\n唐·李白\n故人西辞黄鹤楼，烟花三月下扬州。孤帆远影碧空尽，唯见长江天际流。', '2023-09-11 00:18:15', '', '0');
INSERT INTO `feedback` VALUES ('8', '3', '【test3】:《将进酒·君不见》\n唐·李白\n君不见，黄河之水天上来，奔流到海不复回。君不见，高堂明镜悲白发，朝如青丝暮成雪。人生得意须尽欢，莫使金樽空对月。天生我材必有用，千金散尽还复来', '2023-09-11 00:18:36', '', '0');
INSERT INTO `feedback` VALUES ('9', '3', '【test3】:《送元二使安西》\n唐·王维\n渭城朝雨浥轻尘，客舍青青柳色新。劝君更尽一杯酒，西出阳关无故人。', '2023-09-11 00:18:57', '', '0');
INSERT INTO `feedback` VALUES ('10', '3', '【test3】:《咏柳》\n唐·贺知章\n碧玉妆成一树高，万条垂下绿丝绦。不知细叶谁裁出，二月春风似剪刀。', '2023-09-11 00:19:07', '', '0');
INSERT INTO `feedback` VALUES ('11', '3', '【test3】:白日依山尽，黄河入海流。欲穷千里目，更上一层楼。春眠不觉晓，处处闻啼鸟。夜来风雨声，花落知多少。秦时明月汉时关，万里长征人未还。但使龙城飞将在，不教胡马渡阴山。', '2023-09-11 00:19:59', '', '0');

-- ----------------------------
-- Table structure for goadmin_menu
-- ----------------------------
DROP TABLE IF EXISTS `goadmin_menu`;
CREATE TABLE `goadmin_menu` (
  `id` int unsigned NOT NULL AUTO_INCREMENT,
  `parent_id` int unsigned NOT NULL DEFAULT '0',
  `type` tinyint unsigned NOT NULL DEFAULT '0',
  `order` int unsigned NOT NULL DEFAULT '0',
  `title` varchar(50) CHARACTER SET utf8mb4 COLLATE utf8mb4_unicode_ci NOT NULL,
  `icon` varchar(50) CHARACTER SET utf8mb4 COLLATE utf8mb4_unicode_ci NOT NULL,
  `uri` varchar(3000) CHARACTER SET utf8mb4 COLLATE utf8mb4_unicode_ci NOT NULL DEFAULT '',
  `header` varchar(150) CHARACTER SET utf8mb4 COLLATE utf8mb4_unicode_ci DEFAULT NULL,
  `plugin_name` varchar(150) CHARACTER SET utf8mb4 COLLATE utf8mb4_unicode_ci NOT NULL DEFAULT '',
  `uuid` varchar(150) CHARACTER SET utf8mb4 COLLATE utf8mb4_unicode_ci DEFAULT NULL,
  `created_at` timestamp NULL DEFAULT CURRENT_TIMESTAMP,
  `updated_at` timestamp NULL DEFAULT CURRENT_TIMESTAMP,
  PRIMARY KEY (`id`)
) ENGINE=InnoDB AUTO_INCREMENT=19 DEFAULT CHARSET=utf8mb4 COLLATE=utf8mb4_unicode_ci;

-- ----------------------------
-- Records of goadmin_menu
-- ----------------------------
INSERT INTO `goadmin_menu` VALUES ('1', '0', '1', '2', '系统管理', 'fa-tasks', '', '', '', null, '2023-09-10 00:00:00', '2023-09-03 13:07:21');
INSERT INTO `goadmin_menu` VALUES ('2', '1', '1', '2', 'Users', 'fa-users', '/info/manager', '用户管理', '', null, '2023-09-10 00:00:00', '2023-09-03 13:07:44');
INSERT INTO `goadmin_menu` VALUES ('3', '1', '1', '3', 'Roles', 'fa-user', '/info/roles', null, '', null, '2023-09-10 00:00:00', '2023-09-10 00:00:00');
INSERT INTO `goadmin_menu` VALUES ('4', '1', '1', '4', 'Permission', 'fa-ban', '/info/permission', null, '', null, '2023-09-10 00:00:00', '2023-09-10 00:00:00');
INSERT INTO `goadmin_menu` VALUES ('5', '1', '1', '5', 'Menu', 'fa-bars', '/menu', null, '', null, '2023-09-10 00:00:00', '2023-09-10 00:00:00');
INSERT INTO `goadmin_menu` VALUES ('6', '1', '1', '6', 'Operation log', 'fa-history', '/info/op', null, '', null, '2023-09-10 00:00:00', '2023-09-10 00:00:00');
INSERT INTO `goadmin_menu` VALUES ('7', '0', '1', '1', 'Dashboard', 'fa-bar-chart', '/', null, '', null, '2023-09-10 00:00:00', '2023-09-10 00:00:00');
INSERT INTO `goadmin_menu` VALUES ('8', '0', '0', '2', '小说管理', 'fa-bars', '', '', '', null, '2023-09-03 13:02:45', '2023-09-03 13:02:45');
INSERT INTO `goadmin_menu` VALUES ('9', '8', '0', '2', '分类管理', 'fa-cubes', '/info/category', '', '', null, '2023-09-03 13:04:04', '2023-09-03 14:01:47');
INSERT INTO `goadmin_menu` VALUES ('10', '8', '0', '2', '书籍管理', 'fa-american-sign-language-interpreting', '/info/book', '', '', null, '2023-09-03 13:04:51', '2023-09-03 14:30:01');
INSERT INTO `goadmin_menu` VALUES ('11', '8', '0', '2', '内容管理', 'fa-archive', '/info/chapter', '', '', null, '2023-09-03 13:05:17', '2023-09-03 14:30:10');
INSERT INTO `goadmin_menu` VALUES ('12', '8', '0', '2', '评论管理', 'fa-language', '/info/comment', '', '', null, '2023-09-03 13:06:04', '2023-09-03 14:30:17');
INSERT INTO `goadmin_menu` VALUES ('13', '0', '0', '2', '用户管理', 'fa-bars', '', '', '', null, '2023-09-03 13:08:36', '2023-09-03 13:08:36');
INSERT INTO `goadmin_menu` VALUES ('14', '13', '0', '2', '用户列表', 'fa-fax', '/info/member', '', '', null, '2023-09-03 13:09:26', '2023-09-03 14:30:25');
INSERT INTO `goadmin_menu` VALUES ('15', '13', '0', '2', '用户反馈', 'fa-android', '/info/feedback', '', '', null, '2023-09-03 13:10:24', '2023-09-03 14:30:33');
INSERT INTO `goadmin_menu` VALUES ('16', '13', '0', '2', '用户书架', 'fa-anchor', '/info/shelf', '', '', null, '2023-09-03 15:29:33', '2023-09-03 15:29:33');
INSERT INTO `goadmin_menu` VALUES ('17', '13', '0', '2', '用户浏览记录', 'fa-twitter-square', '/info/reader', '', '', null, '2023-09-03 15:30:06', '2023-09-03 15:30:06');
INSERT INTO `goadmin_menu` VALUES ('18', '8', '0', '2', '作者管理', 'fa-ambulance', '/info/author', '', '', null, '2023-09-06 09:42:47', '2023-09-09 10:18:35');

-- ----------------------------
-- Table structure for goadmin_operation_log
-- ----------------------------
DROP TABLE IF EXISTS `goadmin_operation_log`;
CREATE TABLE `goadmin_operation_log` (
  `id` int unsigned NOT NULL AUTO_INCREMENT,
  `user_id` int unsigned NOT NULL,
  `path` varchar(255) CHARACTER SET utf8mb4 COLLATE utf8mb4_unicode_ci NOT NULL,
  `method` varchar(10) CHARACTER SET utf8mb4 COLLATE utf8mb4_unicode_ci NOT NULL,
  `ip` varchar(15) CHARACTER SET utf8mb4 COLLATE utf8mb4_unicode_ci NOT NULL,
  `input` text CHARACTER SET utf8mb4 COLLATE utf8mb4_unicode_ci NOT NULL,
  `created_at` timestamp NULL DEFAULT CURRENT_TIMESTAMP,
  `updated_at` timestamp NULL DEFAULT CURRENT_TIMESTAMP,
  PRIMARY KEY (`id`),
  KEY `admin_operation_log_user_id_index` (`user_id`)
) ENGINE=InnoDB AUTO_INCREMENT=78 DEFAULT CHARSET=utf8mb4 COLLATE=utf8mb4_unicode_ci;

-- ----------------------------
-- Records of goadmin_operation_log
-- ----------------------------
INSERT INTO `goadmin_operation_log` VALUES ('1', '1', '/admin', 'GET', '127.0.0.1', '', '2023-09-03 12:51:40', '2023-09-03 12:51:40');
INSERT INTO `goadmin_operation_log` VALUES ('2', '1', '/admin', 'GET', '127.0.0.1', '', '2023-09-03 12:54:00', '2023-09-03 12:54:00');
INSERT INTO `goadmin_operation_log` VALUES ('3', '1', '/admin/logout', 'GET', '127.0.0.1', '', '2023-09-03 12:54:04', '2023-09-03 12:54:04');
INSERT INTO `goadmin_operation_log` VALUES ('4', '1', '/admin', 'GET', '127.0.0.1', '', '2023-09-03 12:54:08', '2023-09-03 12:54:08');
INSERT INTO `goadmin_operation_log` VALUES ('5', '1', '/admin/logout', 'GET', '127.0.0.1', '', '2023-09-03 12:54:16', '2023-09-03 12:54:16');
INSERT INTO `goadmin_operation_log` VALUES ('6', '1', '/admin', 'GET', '127.0.0.1', '', '2023-09-03 12:54:18', '2023-09-03 12:54:18');
INSERT INTO `goadmin_operation_log` VALUES ('7', '1', '/admin', 'GET', '127.0.0.1', '', '2023-09-03 12:56:00', '2023-09-03 12:56:00');
INSERT INTO `goadmin_operation_log` VALUES ('8', '1', '/admin', 'GET', '127.0.0.1', '', '2023-09-03 12:56:05', '2023-09-03 12:56:05');
INSERT INTO `goadmin_operation_log` VALUES ('9', '1', '/admin/logout', 'GET', '127.0.0.1', '', '2023-09-03 12:56:09', '2023-09-03 12:56:09');
INSERT INTO `goadmin_operation_log` VALUES ('10', '1', '/admin', 'GET', '127.0.0.1', '', '2023-09-03 13:00:56', '2023-09-03 13:00:56');
INSERT INTO `goadmin_operation_log` VALUES ('11', '1', '/admin', 'GET', '127.0.0.1', '', '2023-09-03 13:01:00', '2023-09-03 13:01:00');
INSERT INTO `goadmin_operation_log` VALUES ('12', '1', '/admin/menu', 'GET', '127.0.0.1', '', '2023-09-03 13:01:15', '2023-09-03 13:01:15');
INSERT INTO `goadmin_operation_log` VALUES ('13', '1', '/admin/info/manager', 'GET', '127.0.0.1', '', '2023-09-03 13:01:21', '2023-09-03 13:01:21');
INSERT INTO `goadmin_operation_log` VALUES ('14', '1', '/admin/info/roles', 'GET', '127.0.0.1', '', '2023-09-03 13:01:32', '2023-09-03 13:01:32');
INSERT INTO `goadmin_operation_log` VALUES ('15', '1', '/admin/info/permission', 'GET', '127.0.0.1', '', '2023-09-03 13:01:35', '2023-09-03 13:01:35');
INSERT INTO `goadmin_operation_log` VALUES ('16', '1', '/admin/info/permission', 'GET', '127.0.0.1', '', '2023-09-03 13:01:38', '2023-09-03 13:01:38');
INSERT INTO `goadmin_operation_log` VALUES ('17', '1', '/admin/info/manager', 'GET', '127.0.0.1', '', '2023-09-03 13:01:45', '2023-09-03 13:01:45');
INSERT INTO `goadmin_operation_log` VALUES ('18', '1', '/admin/menu', 'GET', '127.0.0.1', '', '2023-09-03 13:01:47', '2023-09-03 13:01:47');
INSERT INTO `goadmin_operation_log` VALUES ('19', '1', '/admin/info/op', 'GET', '127.0.0.1', '', '2023-09-03 13:01:49', '2023-09-03 13:01:49');
INSERT INTO `goadmin_operation_log` VALUES ('20', '1', '/admin', 'GET', '127.0.0.1', '', '2023-09-03 13:01:51', '2023-09-03 13:01:51');
INSERT INTO `goadmin_operation_log` VALUES ('21', '1', '/admin/info/manager', 'GET', '127.0.0.1', '', '2023-09-03 13:01:54', '2023-09-03 13:01:54');
INSERT INTO `goadmin_operation_log` VALUES ('22', '1', '/admin/menu', 'GET', '127.0.0.1', '', '2023-09-03 13:01:56', '2023-09-03 13:01:56');
INSERT INTO `goadmin_operation_log` VALUES ('23', '1', '/admin/menu/new', 'POST', '127.0.0.1', '{\"__go_admin_previous_\":[\"/admin/menu\"],\"__go_admin_t_\":[\"22148d07-f612-4127-a611-072a40f791a7\"],\"header\":[\"\"],\"icon\":[\"fa-bars\"],\"parent_id\":[\"0\"],\"plugin_name\":[\"\"],\"roles[]\":[\"1\",\"2\"],\"title\":[\"小说管理\"],\"uri\":[\"\"]}', '2023-09-03 13:02:45', '2023-09-03 13:02:45');
INSERT INTO `goadmin_operation_log` VALUES ('24', '1', '/admin/menu/new', 'POST', '127.0.0.1', '{\"__go_admin_previous_\":[\"/admin/menu\"],\"__go_admin_t_\":[\"7f961ab0-0fcf-46fc-9da0-ff3289996dfd\"],\"header\":[\"\"],\"icon\":[\"fa-cubes\"],\"parent_id\":[\"8\"],\"plugin_name\":[\"\"],\"roles[]\":[\"1\"],\"title\":[\"分类管理\"],\"uri\":[\"/admin/book/category\"]}', '2023-09-03 13:04:04', '2023-09-03 13:04:04');
INSERT INTO `goadmin_operation_log` VALUES ('25', '1', '/admin/menu/new', 'POST', '127.0.0.1', '{\"__go_admin_previous_\":[\"/admin/menu\"],\"__go_admin_t_\":[\"51532d66-882d-4f55-bc25-7b6e54111812\"],\"header\":[\"\"],\"icon\":[\"fa-american-sign-language-interpreting\"],\"parent_id\":[\"8\"],\"plugin_name\":[\"\"],\"roles[]\":[\"1\",\"2\"],\"title\":[\"书籍管理\"],\"uri\":[\"/admin/book/list\"]}', '2023-09-03 13:04:51', '2023-09-03 13:04:51');
INSERT INTO `goadmin_operation_log` VALUES ('26', '1', '/admin/menu/new', 'POST', '127.0.0.1', '{\"__go_admin_previous_\":[\"/admin/menu\"],\"__go_admin_t_\":[\"363036f3-1cad-484e-8714-1a9fe752289b\"],\"header\":[\"\"],\"icon\":[\"fa-archive\"],\"parent_id\":[\"8\"],\"plugin_name\":[\"\"],\"roles[]\":[\"1\",\"2\"],\"title\":[\"内容管理\"],\"uri\":[\"/admin/book/chapter\"]}', '2023-09-03 13:05:17', '2023-09-03 13:05:17');
INSERT INTO `goadmin_operation_log` VALUES ('27', '1', '/admin/menu/new', 'POST', '127.0.0.1', '{\"__go_admin_previous_\":[\"/admin/menu\"],\"__go_admin_t_\":[\"161c5611-5d76-4f3a-b756-2b7139c338e3\"],\"header\":[\"\"],\"icon\":[\"fa-language\"],\"parent_id\":[\"8\"],\"plugin_name\":[\"\"],\"roles[]\":[\"1\",\"2\"],\"title\":[\"评论管理\"],\"uri\":[\"/admin/book/comment\"]}', '2023-09-03 13:06:04', '2023-09-03 13:06:04');
INSERT INTO `goadmin_operation_log` VALUES ('28', '1', '/admin/menu/edit/show', 'GET', '127.0.0.1', '', '2023-09-03 13:06:45', '2023-09-03 13:06:45');
INSERT INTO `goadmin_operation_log` VALUES ('29', '1', '/admin/menu/edit', 'POST', '127.0.0.1', '{\"__go_admin_previous_\":[\"/admin/menu\"],\"__go_admin_t_\":[\"d654a546-650c-4258-b8c3-fa033a90eeb1\"],\"created_at\":[\"2023-09-10 00:00:00\"],\"header\":[\"\"],\"icon\":[\"fa-tasks\"],\"id\":[\"1\"],\"parent_id\":[\"0\"],\"plugin_name\":[\"\"],\"roles[]\":[\"1\"],\"title\":[\"Admin\"],\"updated_at\":[\"2023-09-10 00:00:00\"],\"uri\":[\"\"]}', '2023-09-03 13:06:59', '2023-09-03 13:06:59');
INSERT INTO `goadmin_operation_log` VALUES ('30', '1', '/admin/menu/edit/show', 'GET', '127.0.0.1', '', '2023-09-03 13:07:08', '2023-09-03 13:07:08');
INSERT INTO `goadmin_operation_log` VALUES ('31', '1', '/admin/menu/edit', 'POST', '127.0.0.1', '{\"__go_admin_previous_\":[\"/admin/menu\"],\"__go_admin_t_\":[\"56c3b20b-5ce5-4a00-9d5e-776ee65c8bb7\"],\"created_at\":[\"2023-09-10 00:00:00\"],\"header\":[\"\"],\"icon\":[\"fa-tasks\"],\"id\":[\"1\"],\"parent_id\":[\"0\"],\"plugin_name\":[\"\"],\"roles[]\":[\"1\"],\"title\":[\"系统管理\"],\"updated_at\":[\"2023-09-03 13:06:59\"],\"uri\":[\"\"]}', '2023-09-03 13:07:21', '2023-09-03 13:07:21');
INSERT INTO `goadmin_operation_log` VALUES ('32', '1', '/admin/menu/edit/show', 'GET', '127.0.0.1', '', '2023-09-03 13:07:29', '2023-09-03 13:07:29');
INSERT INTO `goadmin_operation_log` VALUES ('33', '1', '/admin/menu/edit', 'POST', '127.0.0.1', '{\"__go_admin_previous_\":[\"/admin/menu\"],\"__go_admin_t_\":[\"98288f19-044a-4372-9ab6-f31660668ce3\"],\"created_at\":[\"2023-09-10 00:00:00\"],\"header\":[\"用户管理\"],\"icon\":[\"fa-users\"],\"id\":[\"2\"],\"parent_id\":[\"1\"],\"plugin_name\":[\"\"],\"title\":[\"Users\"],\"updated_at\":[\"2023-09-10 00:00:00\"],\"uri\":[\"/info/manager\"]}', '2023-09-03 13:07:44', '2023-09-03 13:07:44');
INSERT INTO `goadmin_operation_log` VALUES ('34', '1', '/admin/menu', 'GET', '127.0.0.1', '', '2023-09-03 13:07:48', '2023-09-03 13:07:48');
INSERT INTO `goadmin_operation_log` VALUES ('35', '1', '/admin/info/manager', 'GET', '127.0.0.1', '', '2023-09-03 13:07:53', '2023-09-03 13:07:53');
INSERT INTO `goadmin_operation_log` VALUES ('36', '1', '/admin/info/roles', 'GET', '127.0.0.1', '', '2023-09-03 13:07:57', '2023-09-03 13:07:57');
INSERT INTO `goadmin_operation_log` VALUES ('37', '1', '/admin/info/manager', 'GET', '127.0.0.1', '', '2023-09-03 13:07:58', '2023-09-03 13:07:58');
INSERT INTO `goadmin_operation_log` VALUES ('38', '1', '/admin/info/roles', 'GET', '127.0.0.1', '', '2023-09-03 13:08:00', '2023-09-03 13:08:00');
INSERT INTO `goadmin_operation_log` VALUES ('39', '1', '/admin/info/permission', 'GET', '127.0.0.1', '', '2023-09-03 13:08:01', '2023-09-03 13:08:01');
INSERT INTO `goadmin_operation_log` VALUES ('40', '1', '/admin/menu', 'GET', '127.0.0.1', '', '2023-09-03 13:08:02', '2023-09-03 13:08:02');
INSERT INTO `goadmin_operation_log` VALUES ('41', '1', '/admin/info/manager', 'GET', '127.0.0.1', '', '2023-09-03 13:08:03', '2023-09-03 13:08:03');
INSERT INTO `goadmin_operation_log` VALUES ('42', '1', '/admin/menu', 'GET', '127.0.0.1', '', '2023-09-03 13:08:22', '2023-09-03 13:08:22');
INSERT INTO `goadmin_operation_log` VALUES ('43', '1', '/admin/menu/new', 'POST', '127.0.0.1', '{\"__go_admin_previous_\":[\"/admin/menu\"],\"__go_admin_t_\":[\"666cdb15-d0eb-41e4-ade3-a79bb842180d\"],\"header\":[\"\"],\"icon\":[\"fa-bars\"],\"parent_id\":[\"0\"],\"plugin_name\":[\"\"],\"title\":[\"用户管理\"],\"uri\":[\"\"]}', '2023-09-03 13:08:37', '2023-09-03 13:08:37');
INSERT INTO `goadmin_operation_log` VALUES ('44', '1', '/admin/menu/new', 'POST', '127.0.0.1', '{\"__go_admin_previous_\":[\"/admin/menu\"],\"__go_admin_t_\":[\"cef63692-7f81-440b-a669-26c1a3a17d4a\"],\"header\":[\"\"],\"icon\":[\"fa-fax\"],\"parent_id\":[\"13\"],\"plugin_name\":[\"\"],\"roles[]\":[\"1\"],\"title\":[\"用户列表\"],\"uri\":[\"/admin/user/list\"]}', '2023-09-03 13:09:26', '2023-09-03 13:09:26');
INSERT INTO `goadmin_operation_log` VALUES ('45', '1', '/admin/menu/new', 'POST', '127.0.0.1', '{\"__go_admin_previous_\":[\"/admin/menu\"],\"__go_admin_t_\":[\"654d9d7a-4986-48f4-a26f-24610dba12be\"],\"header\":[\"\"],\"icon\":[\"fa-android\"],\"parent_id\":[\"13\"],\"plugin_name\":[\"\"],\"title\":[\"用户反馈\"],\"uri\":[\"/admin/user/feedback\"]}', '2023-09-03 13:10:24', '2023-09-03 13:10:24');
INSERT INTO `goadmin_operation_log` VALUES ('46', '1', '/admin/menu/edit/show', 'GET', '127.0.0.1', '', '2023-09-03 13:10:28', '2023-09-03 13:10:28');
INSERT INTO `goadmin_operation_log` VALUES ('47', '1', '/admin/menu/edit', 'POST', '127.0.0.1', '{\"__go_admin_previous_\":[\"/admin/menu\"],\"__go_admin_t_\":[\"fe4433e3-ca8d-45a7-8714-053eb5d58c7f\"],\"created_at\":[\"2023-09-03 13:10:24\"],\"header\":[\"\"],\"icon\":[\"fa-android\"],\"id\":[\"15\"],\"parent_id\":[\"13\"],\"plugin_name\":[\"\"],\"roles[]\":[\"1\",\"2\"],\"title\":[\"用户反馈\"],\"updated_at\":[\"2023-09-03 13:10:24\"],\"uri\":[\"/admin/user/feedback\"]}', '2023-09-03 13:10:34', '2023-09-03 13:10:34');
INSERT INTO `goadmin_operation_log` VALUES ('48', '1', '/admin/menu/edit/show', 'GET', '127.0.0.1', '', '2023-09-03 13:10:37', '2023-09-03 13:10:37');
INSERT INTO `goadmin_operation_log` VALUES ('49', '1', '/admin/menu/edit', 'POST', '127.0.0.1', '{\"__go_admin_previous_\":[\"/admin/menu\"],\"__go_admin_t_\":[\"371aa263-f5a6-4bb3-aca7-e5eb6619c7ee\"],\"created_at\":[\"2023-09-03 13:09:26\"],\"header\":[\"\"],\"icon\":[\"fa-fax\"],\"id\":[\"14\"],\"parent_id\":[\"13\"],\"plugin_name\":[\"\"],\"roles[]\":[\"1\"],\"title\":[\"用户列表\"],\"updated_at\":[\"2023-09-03 13:09:26\"],\"uri\":[\"/admin/user/list\"]}', '2023-09-03 13:10:41', '2023-09-03 13:10:41');
INSERT INTO `goadmin_operation_log` VALUES ('50', '1', '/admin/menu', 'GET', '127.0.0.1', '', '2023-09-03 13:10:44', '2023-09-03 13:10:44');
INSERT INTO `goadmin_operation_log` VALUES ('51', '1', '/admin/menu', 'GET', '127.0.0.1', '', '2023-09-03 13:15:38', '2023-09-03 13:15:38');
INSERT INTO `goadmin_operation_log` VALUES ('52', '1', '/admin/menu', 'GET', '127.0.0.1', '', '2023-09-03 13:15:43', '2023-09-03 13:15:43');
INSERT INTO `goadmin_operation_log` VALUES ('53', '1', '/admin', 'GET', '127.0.0.1', '', '2023-09-03 13:15:48', '2023-09-03 13:15:48');
INSERT INTO `goadmin_operation_log` VALUES ('54', '1', '/admin/info/manager', 'GET', '127.0.0.1', '', '2023-09-03 13:15:51', '2023-09-03 13:15:51');
INSERT INTO `goadmin_operation_log` VALUES ('55', '1', '/admin/info/roles', 'GET', '127.0.0.1', '', '2023-09-03 13:15:52', '2023-09-03 13:15:52');
INSERT INTO `goadmin_operation_log` VALUES ('56', '1', '/admin/info/manager', 'GET', '127.0.0.1', '', '2023-09-03 13:15:53', '2023-09-03 13:15:53');
INSERT INTO `goadmin_operation_log` VALUES ('57', '1', '/admin/info/manager', 'GET', '127.0.0.1', '', '2023-09-03 13:27:41', '2023-09-03 13:27:41');
INSERT INTO `goadmin_operation_log` VALUES ('58', '1', '/admin/info/site/edit', 'GET', '127.0.0.1', '', '2023-09-03 13:27:52', '2023-09-03 13:27:52');
INSERT INTO `goadmin_operation_log` VALUES ('59', '1', '/admin', 'GET', '127.0.0.1', '', '2023-09-03 13:29:05', '2023-09-03 13:29:05');
INSERT INTO `goadmin_operation_log` VALUES ('60', '1', '/admin', 'GET', '127.0.0.1', '', '2023-09-03 13:29:46', '2023-09-03 13:29:46');
INSERT INTO `goadmin_operation_log` VALUES ('61', '1', '/admin', 'GET', '127.0.0.1', '', '2023-09-03 13:54:23', '2023-09-03 13:54:23');
INSERT INTO `goadmin_operation_log` VALUES ('62', '1', '/admin', 'GET', '127.0.0.1', '', '2023-09-03 14:01:04', '2023-09-03 14:01:04');
INSERT INTO `goadmin_operation_log` VALUES ('63', '1', '/admin', 'GET', '127.0.0.1', '', '2023-09-03 14:01:34', '2023-09-03 14:01:34');
INSERT INTO `goadmin_operation_log` VALUES ('64', '1', '/admin', 'GET', '127.0.0.1', '', '2023-09-03 15:02:30', '2023-09-03 15:02:30');
INSERT INTO `goadmin_operation_log` VALUES ('65', '1', '/admin', 'GET', '127.0.0.1', '', '2023-09-03 15:37:41', '2023-09-03 15:37:41');
INSERT INTO `goadmin_operation_log` VALUES ('66', '1', '/admin', 'GET', '127.0.0.1', '', '2023-09-03 15:39:47', '2023-09-03 15:39:47');
INSERT INTO `goadmin_operation_log` VALUES ('67', '1', '/admin', 'GET', '127.0.0.1', '', '2023-09-03 15:39:49', '2023-09-03 15:39:49');
INSERT INTO `goadmin_operation_log` VALUES ('68', '1', '/admin', 'GET', '127.0.0.1', '', '2023-09-03 15:40:44', '2023-09-03 15:40:44');
INSERT INTO `goadmin_operation_log` VALUES ('69', '1', '/admin', 'GET', '127.0.0.1', '', '2023-09-03 15:48:32', '2023-09-03 15:48:32');
INSERT INTO `goadmin_operation_log` VALUES ('70', '1', '/admin', 'GET', '127.0.0.1', '', '2023-09-03 15:48:49', '2023-09-03 15:48:49');
INSERT INTO `goadmin_operation_log` VALUES ('71', '1', '/admin', 'GET', '127.0.0.1', '', '2023-09-03 15:50:03', '2023-09-03 15:50:03');
INSERT INTO `goadmin_operation_log` VALUES ('72', '1', '/admin', 'GET', '127.0.0.1', '', '2023-09-03 15:50:09', '2023-09-03 15:50:09');
INSERT INTO `goadmin_operation_log` VALUES ('73', '1', '/admin', 'GET', '127.0.0.1', '', '2023-09-03 16:45:40', '2023-09-03 16:45:40');
INSERT INTO `goadmin_operation_log` VALUES ('74', '1', '/admin', 'GET', '127.0.0.1', '', '2023-09-04 10:01:42', '2023-09-04 10:01:42');
INSERT INTO `goadmin_operation_log` VALUES ('75', '1', '/admin', 'GET', '127.0.0.1', '', '2023-09-06 09:39:16', '2023-09-06 09:39:16');
INSERT INTO `goadmin_operation_log` VALUES ('76', '1', '/admin', 'GET', '127.0.0.1', '', '2023-09-09 10:17:54', '2023-09-09 10:17:54');
INSERT INTO `goadmin_operation_log` VALUES ('77', '1', '/admin', 'GET', '127.0.0.1', '', '2023-09-11 00:25:23', '2023-09-11 00:25:23');

-- ----------------------------
-- Table structure for goadmin_permissions
-- ----------------------------
DROP TABLE IF EXISTS `goadmin_permissions`;
CREATE TABLE `goadmin_permissions` (
  `id` int unsigned NOT NULL AUTO_INCREMENT,
  `name` varchar(50) CHARACTER SET utf8mb4 COLLATE utf8mb4_unicode_ci NOT NULL,
  `slug` varchar(50) CHARACTER SET utf8mb4 COLLATE utf8mb4_unicode_ci NOT NULL,
  `http_method` varchar(255) CHARACTER SET utf8mb4 COLLATE utf8mb4_unicode_ci DEFAULT NULL,
  `http_path` text CHARACTER SET utf8mb4 COLLATE utf8mb4_unicode_ci NOT NULL,
  `created_at` timestamp NULL DEFAULT CURRENT_TIMESTAMP,
  `updated_at` timestamp NULL DEFAULT CURRENT_TIMESTAMP,
  PRIMARY KEY (`id`),
  UNIQUE KEY `admin_permissions_name_unique` (`name`)
) ENGINE=InnoDB AUTO_INCREMENT=17 DEFAULT CHARSET=utf8mb4 COLLATE=utf8mb4_unicode_ci;

-- ----------------------------
-- Records of goadmin_permissions
-- ----------------------------
INSERT INTO `goadmin_permissions` VALUES ('1', 'All permission', '*', '', '*', '2023-09-10 00:00:00', '2023-09-10 00:00:00');
INSERT INTO `goadmin_permissions` VALUES ('2', 'Dashboard', 'dashboard', 'GET,PUT,POST,DELETE', '/', '2023-09-10 00:00:00', '2023-09-10 00:00:00');
INSERT INTO `goadmin_permissions` VALUES ('3', 'category 查询', 'category_query', 'GET', '/info/category', '2023-09-03 13:51:33', '2023-09-03 13:51:33');
INSERT INTO `goadmin_permissions` VALUES ('4', 'category 编辑页显示', 'category_show_edit', 'GET', '/info/category/edit', '2023-09-03 13:51:33', '2023-09-03 13:51:33');
INSERT INTO `goadmin_permissions` VALUES ('5', 'category 新建记录页显示', 'category_show_create', 'GET', '/info/category/new', '2023-09-03 13:51:33', '2023-09-03 13:51:33');
INSERT INTO `goadmin_permissions` VALUES ('6', 'category 编辑', 'category_edit', 'POST', '/edit/category', '2023-09-03 13:51:33', '2023-09-03 13:51:33');
INSERT INTO `goadmin_permissions` VALUES ('7', 'category 新建', 'category_create', 'POST', '/new/category', '2023-09-03 13:51:33', '2023-09-03 13:51:33');
INSERT INTO `goadmin_permissions` VALUES ('8', 'category 删除', 'category_delete', 'POST', '/delete/category', '2023-09-03 13:51:33', '2023-09-03 13:51:33');
INSERT INTO `goadmin_permissions` VALUES ('9', 'category 导出', 'category_export', 'POST', '/export/category', '2023-09-03 13:51:33', '2023-09-03 13:51:33');
INSERT INTO `goadmin_permissions` VALUES ('10', 'book 查询', 'book_query', 'GET', '/info/book', '2023-09-03 14:25:36', '2023-09-03 14:25:36');
INSERT INTO `goadmin_permissions` VALUES ('11', 'book 编辑页显示', 'book_show_edit', 'GET', '/info/book/edit', '2023-09-03 14:25:36', '2023-09-03 14:25:36');
INSERT INTO `goadmin_permissions` VALUES ('12', 'book 新建记录页显示', 'book_show_create', 'GET', '/info/book/new', '2023-09-03 14:25:36', '2023-09-03 14:25:36');
INSERT INTO `goadmin_permissions` VALUES ('13', 'book 编辑', 'book_edit', 'POST', '/edit/book', '2023-09-03 14:25:36', '2023-09-03 14:25:36');
INSERT INTO `goadmin_permissions` VALUES ('14', 'book 新建', 'book_create', 'POST', '/new/book', '2023-09-03 14:25:36', '2023-09-03 14:25:36');
INSERT INTO `goadmin_permissions` VALUES ('15', 'book 删除', 'book_delete', 'POST', '/delete/book', '2023-09-03 14:25:36', '2023-09-03 14:25:36');
INSERT INTO `goadmin_permissions` VALUES ('16', 'book 导出', 'book_export', 'POST', '/export/book', '2023-09-03 14:25:36', '2023-09-03 14:25:36');

-- ----------------------------
-- Table structure for goadmin_roles
-- ----------------------------
DROP TABLE IF EXISTS `goadmin_roles`;
CREATE TABLE `goadmin_roles` (
  `id` int unsigned NOT NULL AUTO_INCREMENT,
  `name` varchar(50) CHARACTER SET utf8mb4 COLLATE utf8mb4_unicode_ci NOT NULL,
  `slug` varchar(50) CHARACTER SET utf8mb4 COLLATE utf8mb4_unicode_ci NOT NULL,
  `created_at` timestamp NULL DEFAULT CURRENT_TIMESTAMP,
  `updated_at` timestamp NULL DEFAULT CURRENT_TIMESTAMP,
  PRIMARY KEY (`id`),
  UNIQUE KEY `admin_roles_name_unique` (`name`)
) ENGINE=InnoDB AUTO_INCREMENT=3 DEFAULT CHARSET=utf8mb4 COLLATE=utf8mb4_unicode_ci;

-- ----------------------------
-- Records of goadmin_roles
-- ----------------------------
INSERT INTO `goadmin_roles` VALUES ('1', 'Administrator', 'administrator', '2023-09-10 00:00:00', '2023-09-10 00:00:00');
INSERT INTO `goadmin_roles` VALUES ('2', 'Operator', 'operator', '2023-09-10 00:00:00', '2023-09-10 00:00:00');

-- ----------------------------
-- Table structure for goadmin_role_menu
-- ----------------------------
DROP TABLE IF EXISTS `goadmin_role_menu`;
CREATE TABLE `goadmin_role_menu` (
  `role_id` int unsigned NOT NULL,
  `menu_id` int unsigned NOT NULL,
  `created_at` timestamp NULL DEFAULT CURRENT_TIMESTAMP,
  `updated_at` timestamp NULL DEFAULT CURRENT_TIMESTAMP,
  KEY `admin_role_menu_role_id_menu_id_index` (`role_id`,`menu_id`)
) ENGINE=InnoDB DEFAULT CHARSET=utf8mb4 COLLATE=utf8mb4_unicode_ci;

-- ----------------------------
-- Records of goadmin_role_menu
-- ----------------------------
INSERT INTO `goadmin_role_menu` VALUES ('1', '7', '2023-09-10 00:00:00', '2023-09-10 00:00:00');
INSERT INTO `goadmin_role_menu` VALUES ('2', '7', '2023-09-10 00:00:00', '2023-09-10 00:00:00');
INSERT INTO `goadmin_role_menu` VALUES ('1', '8', '2023-09-11 10:20:55', '2023-09-11 10:20:55');
INSERT INTO `goadmin_role_menu` VALUES ('2', '8', '2023-09-11 10:20:55', '2023-09-11 10:20:55');
INSERT INTO `goadmin_role_menu` VALUES ('1', '1', '2023-09-03 13:07:21', '2023-09-03 13:07:21');
INSERT INTO `goadmin_role_menu` VALUES ('1', '9', '2023-09-03 14:01:47', '2023-09-03 14:01:47');
INSERT INTO `goadmin_role_menu` VALUES ('1', '10', '2023-09-03 14:30:01', '2023-09-03 14:30:01');
INSERT INTO `goadmin_role_menu` VALUES ('2', '10', '2023-09-03 14:30:01', '2023-09-03 14:30:01');
INSERT INTO `goadmin_role_menu` VALUES ('1', '11', '2023-09-03 14:30:10', '2023-09-03 14:30:10');
INSERT INTO `goadmin_role_menu` VALUES ('2', '11', '2023-09-03 14:30:10', '2023-09-03 14:30:10');
INSERT INTO `goadmin_role_menu` VALUES ('1', '12', '2023-09-03 14:30:17', '2023-09-03 14:30:17');
INSERT INTO `goadmin_role_menu` VALUES ('2', '12', '2023-09-03 14:30:17', '2023-09-03 14:30:17');
INSERT INTO `goadmin_role_menu` VALUES ('1', '14', '2023-09-03 14:30:25', '2023-09-03 14:30:25');
INSERT INTO `goadmin_role_menu` VALUES ('1', '15', '2023-09-03 14:30:33', '2023-09-03 14:30:33');
INSERT INTO `goadmin_role_menu` VALUES ('2', '15', '2023-09-03 14:30:33', '2023-09-03 14:30:33');
INSERT INTO `goadmin_role_menu` VALUES ('1', '16', '2023-09-03 15:29:33', '2023-09-03 15:29:33');
INSERT INTO `goadmin_role_menu` VALUES ('2', '16', '2023-09-03 15:29:33', '2023-09-03 15:29:33');
INSERT INTO `goadmin_role_menu` VALUES ('1', '17', '2023-09-03 15:30:06', '2023-09-03 15:30:06');
INSERT INTO `goadmin_role_menu` VALUES ('2', '17', '2023-09-03 15:30:06', '2023-09-03 15:30:06');
INSERT INTO `goadmin_role_menu` VALUES ('1', '18', '2023-09-09 10:18:35', '2023-09-09 10:18:35');
INSERT INTO `goadmin_role_menu` VALUES ('2', '18', '2023-09-09 10:18:35', '2023-09-09 10:18:35');

-- ----------------------------
-- Table structure for goadmin_role_permissions
-- ----------------------------
DROP TABLE IF EXISTS `goadmin_role_permissions`;
CREATE TABLE `goadmin_role_permissions` (
  `role_id` int unsigned NOT NULL,
  `permission_id` int unsigned NOT NULL,
  `created_at` timestamp NULL DEFAULT CURRENT_TIMESTAMP,
  `updated_at` timestamp NULL DEFAULT CURRENT_TIMESTAMP,
  UNIQUE KEY `admin_role_permissions` (`role_id`,`permission_id`)
) ENGINE=InnoDB DEFAULT CHARSET=utf8mb4 COLLATE=utf8mb4_unicode_ci;

-- ----------------------------
-- Records of goadmin_role_permissions
-- ----------------------------
INSERT INTO `goadmin_role_permissions` VALUES ('1', '1', '2023-09-10 00:00:00', '2023-09-10 00:00:00');
INSERT INTO `goadmin_role_permissions` VALUES ('1', '2', '2023-09-10 00:00:00', '2023-09-10 00:00:00');
INSERT INTO `goadmin_role_permissions` VALUES ('2', '2', '2023-09-10 00:00:00', '2023-09-10 00:00:00');

-- ----------------------------
-- Table structure for goadmin_role_users
-- ----------------------------
DROP TABLE IF EXISTS `goadmin_role_users`;
CREATE TABLE `goadmin_role_users` (
  `role_id` int unsigned NOT NULL,
  `user_id` int unsigned NOT NULL,
  `created_at` timestamp NULL DEFAULT CURRENT_TIMESTAMP,
  `updated_at` timestamp NULL DEFAULT CURRENT_TIMESTAMP,
  UNIQUE KEY `admin_user_roles` (`role_id`,`user_id`)
) ENGINE=InnoDB DEFAULT CHARSET=utf8mb4 COLLATE=utf8mb4_unicode_ci;

-- ----------------------------
-- Records of goadmin_role_users
-- ----------------------------
INSERT INTO `goadmin_role_users` VALUES ('1', '1', '2023-09-10 00:00:00', '2023-09-10 00:00:00');
INSERT INTO `goadmin_role_users` VALUES ('2', '2', '2023-09-10 00:00:00', '2023-09-10 00:00:00');

-- ----------------------------
-- Table structure for goadmin_session
-- ----------------------------
DROP TABLE IF EXISTS `goadmin_session`;
CREATE TABLE `goadmin_session` (
  `id` int unsigned NOT NULL AUTO_INCREMENT,
  `sid` varchar(50) CHARACTER SET utf8mb4 COLLATE utf8mb4_unicode_ci NOT NULL DEFAULT '',
  `values` varchar(3000) CHARACTER SET utf8mb4 COLLATE utf8mb4_unicode_ci NOT NULL DEFAULT '',
  `created_at` timestamp NULL DEFAULT CURRENT_TIMESTAMP,
  `updated_at` timestamp NULL DEFAULT CURRENT_TIMESTAMP,
  PRIMARY KEY (`id`)
) ENGINE=InnoDB AUTO_INCREMENT=163 DEFAULT CHARSET=utf8mb4 COLLATE=utf8mb4_0900_ai_ci;

-- ----------------------------
-- Records of goadmin_session
-- ----------------------------
INSERT INTO `goadmin_session` VALUES ('145', 'ae92d62b-baff-46d9-8613-b75c6d06ec10', '{\"user_id\":1}', '2023-09-11 00:25:23', '2023-09-11 00:25:23');

-- ----------------------------
-- Table structure for goadmin_site
-- ----------------------------
DROP TABLE IF EXISTS `goadmin_site`;
CREATE TABLE `goadmin_site` (
  `id` int unsigned NOT NULL AUTO_INCREMENT,
  `key` varchar(100) CHARACTER SET utf8mb4 COLLATE utf8mb4_unicode_ci DEFAULT NULL,
  `value` longtext CHARACTER SET utf8mb4 COLLATE utf8mb4_unicode_ci,
  `description` varchar(3000) CHARACTER SET utf8mb4 COLLATE utf8mb4_unicode_ci DEFAULT NULL,
  `state` tinyint unsigned NOT NULL DEFAULT '0',
  `created_at` timestamp NULL DEFAULT CURRENT_TIMESTAMP,
  `updated_at` timestamp NULL DEFAULT CURRENT_TIMESTAMP,
  PRIMARY KEY (`id`)
) ENGINE=InnoDB AUTO_INCREMENT=69 DEFAULT CHARSET=utf8mb4 COLLATE=utf8mb4_unicode_ci;

-- ----------------------------
-- Records of goadmin_site
-- ----------------------------
INSERT INTO `goadmin_site` VALUES ('1', 'login_title', '小说后台管理系统', null, '1', '2023-09-03 12:32:45', '2023-09-03 12:32:45');
INSERT INTO `goadmin_site` VALUES ('2', 'index_url', '/', null, '1', '2023-09-03 12:32:46', '2023-09-03 12:32:46');
INSERT INTO `goadmin_site` VALUES ('3', 'info_log_path', 'D:/linux/GOPATH/src/github.com/fighthorse/sampleBookReader/goadmin/logs/info.log', null, '1', '2023-09-03 12:32:46', '2023-09-03 12:32:46');
INSERT INTO `goadmin_site` VALUES ('4', 'logger_encoder_level_key', 'level', null, '1', '2023-09-03 12:32:46', '2023-09-03 12:32:46');
INSERT INTO `goadmin_site` VALUES ('5', 'logger_encoder_message_key', 'msg', null, '1', '2023-09-03 12:32:46', '2023-09-03 12:32:46');
INSERT INTO `goadmin_site` VALUES ('6', 'url_prefix', 'admin', null, '1', '2023-09-03 12:32:46', '2023-09-03 12:32:46');
INSERT INTO `goadmin_site` VALUES ('7', 'color_scheme', 'skin-black', null, '1', '2023-09-03 12:32:46', '2023-09-03 12:32:46');
INSERT INTO `goadmin_site` VALUES ('8', 'footer_info', '', null, '1', '2023-09-03 12:32:46', '2023-09-03 12:32:46');
INSERT INTO `goadmin_site` VALUES ('9', 'animation_duration', '0.00', null, '1', '2023-09-03 12:32:46', '2023-09-03 12:32:46');
INSERT INTO `goadmin_site` VALUES ('10', 'no_limit_login_ip', 'true', null, '1', '2023-09-03 12:32:46', '2023-09-03 12:32:46');
INSERT INTO `goadmin_site` VALUES ('11', 'site_off', 'false', null, '1', '2023-09-03 12:32:46', '2023-09-03 12:32:46');
INSERT INTO `goadmin_site` VALUES ('12', 'hide_plugin_entrance', 'true', null, '1', '2023-09-03 12:32:46', '2023-09-03 12:32:46');
INSERT INTO `goadmin_site` VALUES ('13', 'logger_encoder_caller_key', 'caller', null, '1', '2023-09-03 12:32:47', '2023-09-03 12:32:47');
INSERT INTO `goadmin_site` VALUES ('14', 'domain', '', null, '1', '2023-09-03 12:32:47', '2023-09-03 12:32:47');
INSERT INTO `goadmin_site` VALUES ('15', 'language', 'zh', null, '1', '2023-09-03 12:32:47', '2023-09-03 12:32:47');
INSERT INTO `goadmin_site` VALUES ('16', 'theme', 'sword_sep', null, '1', '2023-09-03 12:32:47', '2023-09-03 12:32:47');
INSERT INTO `goadmin_site` VALUES ('17', 'logger_encoder_name_key', 'logger', null, '1', '2023-09-03 12:32:47', '2023-09-03 12:32:47');
INSERT INTO `goadmin_site` VALUES ('18', 'hide_config_center_entrance', 'true', null, '1', '2023-09-03 12:32:47', '2023-09-03 12:32:47');
INSERT INTO `goadmin_site` VALUES ('19', 'app_id', 'umCw6Jh4atUb', null, '1', '2023-09-03 12:32:47', '2023-09-03 12:32:47');
INSERT INTO `goadmin_site` VALUES ('20', 'logo', '管理系统', null, '1', '2023-09-03 12:32:47', '2023-09-03 12:32:47');
INSERT INTO `goadmin_site` VALUES ('21', 'mini_logo', '系统', null, '1', '2023-09-03 12:32:47', '2023-09-03 12:32:47');
INSERT INTO `goadmin_site` VALUES ('22', 'info_log_off', 'false', null, '1', '2023-09-03 12:32:47', '2023-09-03 12:32:47');
INSERT INTO `goadmin_site` VALUES ('23', 'logger_rotate_compress', 'false', null, '1', '2023-09-03 12:32:47', '2023-09-03 12:32:47');
INSERT INTO `goadmin_site` VALUES ('24', 'session_life_time', '7200', null, '1', '2023-09-03 12:32:47', '2023-09-03 12:32:47');
INSERT INTO `goadmin_site` VALUES ('25', 'custom_head_html', '', null, '1', '2023-09-03 12:32:47', '2023-09-03 12:32:47');
INSERT INTO `goadmin_site` VALUES ('26', 'animation_delay', '0.00', null, '1', '2023-09-03 12:32:47', '2023-09-03 12:32:47');
INSERT INTO `goadmin_site` VALUES ('27', 'title', '小说后台管理系统', null, '1', '2023-09-03 12:32:47', '2023-09-03 12:32:47');
INSERT INTO `goadmin_site` VALUES ('28', 'logger_encoder_stacktrace_key', 'stacktrace', null, '1', '2023-09-03 12:32:47', '2023-09-03 12:32:47');
INSERT INTO `goadmin_site` VALUES ('29', 'custom_foot_html', '小说后台管理系统', null, '1', '2023-09-03 12:32:47', '2023-09-03 12:32:47');
INSERT INTO `goadmin_site` VALUES ('30', 'access_assets_log_off', 'false', null, '1', '2023-09-03 12:32:47', '2023-09-03 12:32:47');
INSERT INTO `goadmin_site` VALUES ('31', 'access_log_path', 'D:/linux/GOPATH/src/github.com/fighthorse/sampleBookReader/goadmin/logs/access.log', null, '1', '2023-09-03 12:32:47', '2023-09-03 12:32:47');
INSERT INTO `goadmin_site` VALUES ('32', 'sql_log', 'false', null, '1', '2023-09-03 12:32:47', '2023-09-03 12:32:47');
INSERT INTO `goadmin_site` VALUES ('33', 'logger_encoder_level', 'capitalColor', null, '1', '2023-09-03 12:32:47', '2023-09-03 12:32:47');
INSERT INTO `goadmin_site` VALUES ('34', 'open_admin_api', 'false', null, '1', '2023-09-03 12:32:47', '2023-09-03 12:32:47');
INSERT INTO `goadmin_site` VALUES ('35', 'allow_del_operation_log', 'true', null, '1', '2023-09-03 12:32:47', '2023-09-03 12:32:47');
INSERT INTO `goadmin_site` VALUES ('36', 'login_url', '/login', null, '1', '2023-09-03 12:32:47', '2023-09-03 12:32:47');
INSERT INTO `goadmin_site` VALUES ('37', 'logger_level', '0', null, '1', '2023-09-03 12:32:47', '2023-09-03 12:32:47');
INSERT INTO `goadmin_site` VALUES ('38', 'custom_404_html', '', null, '1', '2023-09-03 12:32:48', '2023-09-03 12:32:48');
INSERT INTO `goadmin_site` VALUES ('39', 'bootstrap_file_path', 'D:/linux/GOPATH/src/github.com/fighthorse/sampleBookReader/goadmin/bootstrap.go', null, '1', '2023-09-03 12:32:48', '2023-09-03 12:32:48');
INSERT INTO `goadmin_site` VALUES ('40', 'logger_encoder_time_key', 'ts', null, '1', '2023-09-03 12:32:48', '2023-09-03 12:32:48');
INSERT INTO `goadmin_site` VALUES ('41', 'logger_encoder_caller', 'full', null, '1', '2023-09-03 12:32:48', '2023-09-03 12:32:48');
INSERT INTO `goadmin_site` VALUES ('42', 'asset_url', '', null, '1', '2023-09-03 12:32:48', '2023-09-03 12:32:48');
INSERT INTO `goadmin_site` VALUES ('43', 'hide_visitor_user_center_entrance', 'true', null, '1', '2023-09-03 12:32:48', '2023-09-03 12:32:48');
INSERT INTO `goadmin_site` VALUES ('44', 'logger_rotate_max_backups', '5', null, '1', '2023-09-03 12:32:48', '2023-09-03 12:32:48');
INSERT INTO `goadmin_site` VALUES ('45', 'logger_encoder_encoding', 'console', null, '1', '2023-09-03 12:32:48', '2023-09-03 12:32:48');
INSERT INTO `goadmin_site` VALUES ('46', 'extra', '', null, '1', '2023-09-03 12:32:48', '2023-09-03 12:32:48');
INSERT INTO `goadmin_site` VALUES ('47', 'animation_type', '', null, '1', '2023-09-03 12:32:48', '2023-09-03 12:32:48');
INSERT INTO `goadmin_site` VALUES ('48', 'hide_tool_entrance', 'false', null, '1', '2023-09-03 12:32:48', '2023-09-03 12:32:48');
INSERT INTO `goadmin_site` VALUES ('49', 'exclude_theme_components', 'null', null, '1', '2023-09-03 12:32:48', '2023-09-03 12:32:48');
INSERT INTO `goadmin_site` VALUES ('50', 'logger_rotate_max_size', '10', null, '1', '2023-09-03 12:32:48', '2023-09-03 12:32:48');
INSERT INTO `goadmin_site` VALUES ('51', 'auth_user_table', 'goadmin_users', null, '1', '2023-09-03 12:32:48', '2023-09-03 12:32:48');
INSERT INTO `goadmin_site` VALUES ('52', 'access_log_off', 'false', null, '1', '2023-09-03 12:32:48', '2023-09-03 12:32:48');
INSERT INTO `goadmin_site` VALUES ('53', 'error_log_off', 'false', null, '1', '2023-09-03 12:32:48', '2023-09-03 12:32:48');
INSERT INTO `goadmin_site` VALUES ('54', 'logger_encoder_duration', 'string', null, '1', '2023-09-03 12:32:48', '2023-09-03 12:32:48');
INSERT INTO `goadmin_site` VALUES ('55', 'file_upload_engine', '{\"name\":\"local\"}', null, '1', '2023-09-03 12:32:48', '2023-09-03 12:32:48');
INSERT INTO `goadmin_site` VALUES ('56', 'prohibit_config_modification', 'false', null, '1', '2023-09-03 12:32:48', '2023-09-03 12:32:48');
INSERT INTO `goadmin_site` VALUES ('57', 'hide_app_info_entrance', 'false', null, '1', '2023-09-03 12:32:48', '2023-09-03 12:32:48');
INSERT INTO `goadmin_site` VALUES ('58', 'go_mod_file_path', 'D:/linux/GOPATH/src/github.com/fighthorse/sampleBookReader/goadmin/go.mod', null, '1', '2023-09-03 12:32:48', '2023-09-03 12:32:48');
INSERT INTO `goadmin_site` VALUES ('59', 'operation_log_off', 'true', null, '1', '2023-09-03 12:32:48', '2023-09-03 12:32:48');
INSERT INTO `goadmin_site` VALUES ('60', 'debug', 'true', null, '1', '2023-09-03 12:32:49', '2023-09-03 12:32:49');
INSERT INTO `goadmin_site` VALUES ('61', 'asset_root_path', './themes/sword/separation/public/', null, '1', '2023-09-03 12:32:49', '2023-09-03 12:32:49');
INSERT INTO `goadmin_site` VALUES ('62', 'custom_403_html', '', null, '1', '2023-09-03 12:32:49', '2023-09-03 12:32:49');
INSERT INTO `goadmin_site` VALUES ('63', 'error_log_path', 'D:/linux/GOPATH/src/github.com/fighthorse/sampleBookReader/goadmin/logs/error.log', null, '1', '2023-09-03 12:32:49', '2023-09-03 12:32:49');
INSERT INTO `goadmin_site` VALUES ('64', 'login_logo', '', null, '1', '2023-09-03 12:32:49', '2023-09-03 12:32:49');
INSERT INTO `goadmin_site` VALUES ('65', 'custom_500_html', '', null, '1', '2023-09-03 12:32:49', '2023-09-03 12:32:49');
INSERT INTO `goadmin_site` VALUES ('66', 'logger_rotate_max_age', '30', null, '1', '2023-09-03 12:32:49', '2023-09-03 12:32:49');
INSERT INTO `goadmin_site` VALUES ('67', 'logger_encoder_time', 'iso8601', null, '1', '2023-09-03 12:32:49', '2023-09-03 12:32:49');
INSERT INTO `goadmin_site` VALUES ('68', 'env', 'local', null, '1', '2023-09-03 12:32:49', '2023-09-03 12:32:49');

-- ----------------------------
-- Table structure for goadmin_users
-- ----------------------------
DROP TABLE IF EXISTS `goadmin_users`;
CREATE TABLE `goadmin_users` (
  `id` int unsigned NOT NULL AUTO_INCREMENT,
  `username` varchar(100) CHARACTER SET utf8mb4 COLLATE utf8mb4_unicode_ci NOT NULL,
  `password` varchar(100) CHARACTER SET utf8mb4 COLLATE utf8mb4_unicode_ci NOT NULL DEFAULT '',
  `name` varchar(100) CHARACTER SET utf8mb4 COLLATE utf8mb4_unicode_ci NOT NULL,
  `avatar` varchar(255) CHARACTER SET utf8mb4 COLLATE utf8mb4_unicode_ci DEFAULT NULL,
  `remember_token` varchar(100) CHARACTER SET utf8mb4 COLLATE utf8mb4_unicode_ci DEFAULT NULL,
  `created_at` timestamp NULL DEFAULT CURRENT_TIMESTAMP,
  `updated_at` timestamp NULL DEFAULT CURRENT_TIMESTAMP,
  PRIMARY KEY (`id`),
  UNIQUE KEY `admin_users_username_unique` (`username`)
) ENGINE=InnoDB AUTO_INCREMENT=3 DEFAULT CHARSET=utf8mb4 COLLATE=utf8mb4_unicode_ci;

-- ----------------------------
-- Records of goadmin_users
-- ----------------------------
INSERT INTO `goadmin_users` VALUES ('1', 'admin', '$2a$10$60GTKNlsTLv/7AnHF0kAUOdjoI8SmmlgL1yUl3uxu6uJy3oJoTzDS', 'admin', '4c62556c-0d46-4bed-838c-e88a0634589f.jpg', 'tlNcBVK9AvfYH7WEnwB1RKvocJu8FfRy4um3DJtwdHuJy0dwFsLOgAc0xUfh', '2023-09-10 00:00:00', '2023-09-03 15:41:32');
INSERT INTO `goadmin_users` VALUES ('2', 'operator', '$2a$10$rVqkOzHjN2MdlEprRflb1eGP0oZXuSrbJLOmJagFsCd81YZm0bsh.', 'Operator', '', null, '2023-09-10 00:00:00', '2023-09-10 00:00:00');

-- ----------------------------
-- Table structure for goadmin_user_permissions
-- ----------------------------
DROP TABLE IF EXISTS `goadmin_user_permissions`;
CREATE TABLE `goadmin_user_permissions` (
  `user_id` int unsigned NOT NULL,
  `permission_id` int unsigned NOT NULL,
  `created_at` timestamp NULL DEFAULT CURRENT_TIMESTAMP,
  `updated_at` timestamp NULL DEFAULT CURRENT_TIMESTAMP,
  UNIQUE KEY `admin_user_permissions` (`user_id`,`permission_id`)
) ENGINE=InnoDB DEFAULT CHARSET=utf8mb4 COLLATE=utf8mb4_unicode_ci;

-- ----------------------------
-- Records of goadmin_user_permissions
-- ----------------------------
INSERT INTO `goadmin_user_permissions` VALUES ('1', '1', '2023-09-10 00:00:00', '2023-09-10 00:00:00');
INSERT INTO `goadmin_user_permissions` VALUES ('2', '2', '2023-09-10 00:00:00', '2023-09-10 00:00:00');

-- ----------------------------
-- Table structure for member
-- ----------------------------
DROP TABLE IF EXISTS `member`;
CREATE TABLE `member` (
  `id` int unsigned NOT NULL AUTO_INCREMENT,
  `member_name` varchar(255) NOT NULL COMMENT '会员用户登录账户',
  `member_pwd` varchar(255) NOT NULL COMMENT '登录密码',
  `member_desc` varchar(255) DEFAULT NULL COMMENT '用户自我介绍',
  `read_books` int DEFAULT NULL COMMENT '阅读书籍数量',
  `register_day` varchar(32) CHARACTER SET utf8mb4 COLLATE utf8mb4_0900_ai_ci DEFAULT NULL COMMENT '注册时间',
  PRIMARY KEY (`id`)
) ENGINE=InnoDB AUTO_INCREMENT=4 DEFAULT CHARSET=utf8mb4 COLLATE=utf8mb4_0900_ai_ci COMMENT='用户会员表';

-- ----------------------------
-- Records of member
-- ----------------------------
INSERT INTO `member` VALUES ('1', 'test1', '5a105e8b9d40e1329780d62ea2265d8a', '我是测试账户 来着星星', '8', '2023-09-10 10:00:00');
INSERT INTO `member` VALUES ('2', 'admin', '21232f297a57a5a743894a0e4a801fc3', '用户1号选手', '1', '2023-09-09 23:20:00');
INSERT INTO `member` VALUES ('3', 'test3', 'fcea920f7412b5da7be0cf42b8c93759', '这个人自己注册', '0', '2023-09-10 01:19:18');

-- ----------------------------
-- Table structure for member_reader
-- ----------------------------
DROP TABLE IF EXISTS `member_reader`;
CREATE TABLE `member_reader` (
  `id` int unsigned NOT NULL AUTO_INCREMENT,
  `member_id` int unsigned DEFAULT NULL COMMENT '用户id',
  `book_id` int unsigned DEFAULT NULL COMMENT '书籍id',
  `chapter_id` int DEFAULT NULL COMMENT '章节id',
  `last_update` varchar(32) CHARACTER SET utf8mb4 COLLATE utf8mb4_0900_ai_ci DEFAULT NULL COMMENT '最后一次更新',
  PRIMARY KEY (`id`),
  UNIQUE KEY `idx-m` (`member_id`,`book_id`,`chapter_id`) USING BTREE
) ENGINE=InnoDB AUTO_INCREMENT=6 DEFAULT CHARSET=utf8mb4 COLLATE=utf8mb4_0900_ai_ci COMMENT='用户阅读记录';

-- ----------------------------
-- Records of member_reader
-- ----------------------------
INSERT INTO `member_reader` VALUES ('1', '1', '1', '1', '2023-09-10 00:00:00');
INSERT INTO `member_reader` VALUES ('2', '3', '1', '2', '2023-09-11 00:08:17');
INSERT INTO `member_reader` VALUES ('3', '3', '3', '4', '2023-09-11 00:36:36');
INSERT INTO `member_reader` VALUES ('4', '3', '6', '15', '2023-09-11 00:48:36');
INSERT INTO `member_reader` VALUES ('5', '3', '7', '12', '2023-09-11 00:56:23');

-- ----------------------------
-- Table structure for member_shelf
-- ----------------------------
DROP TABLE IF EXISTS `member_shelf`;
CREATE TABLE `member_shelf` (
  `id` int unsigned NOT NULL AUTO_INCREMENT,
  `book_id` int NOT NULL,
  `chapter_id` int NOT NULL,
  `read_day` varchar(32) CHARACTER SET utf8mb4 COLLATE utf8mb4_0900_ai_ci DEFAULT NULL COMMENT '浏览时间',
  `member_id` int unsigned NOT NULL,
  PRIMARY KEY (`id`),
  UNIQUE KEY `idx_book` (`member_id`,`book_id`,`chapter_id`) USING BTREE
) ENGINE=InnoDB AUTO_INCREMENT=4 DEFAULT CHARSET=utf8mb4 COLLATE=utf8mb4_0900_ai_ci COMMENT='用户书架';

-- ----------------------------
-- Records of member_shelf
-- ----------------------------
INSERT INTO `member_shelf` VALUES ('1', '1', '1', '2023-09-10 12:00:00', '1');
INSERT INTO `member_shelf` VALUES ('2', '1', '2', '2023-09-11 00:08:17', '3');
INSERT INTO `member_shelf` VALUES ('3', '2', '0', '2023-09-10 23:49:46', '3');
