/*
Navicat MySQL Data Transfer

Source Server         : local-goadmin
Source Server Version : 80100
Source Host           : localhost:3306
Source Database       : go_admin

Target Server Type    : MYSQL
Target Server Version : 80100
File Encoding         : 65001

Date: 2023-09-03 15:43:34
*/

SET FOREIGN_KEY_CHECKS=0;

-- ----------------------------
-- Table structure for book
-- ----------------------------
DROP TABLE IF EXISTS `book`;
CREATE TABLE `book` (
  `id` int unsigned NOT NULL AUTO_INCREMENT COMMENT '书籍id',
  `book_title` varchar(255) NOT NULL COMMENT '书籍标题',
  `book_desc` varchar(255) NOT NULL COMMENT '书籍描述',
  `author_id` int DEFAULT NULL COMMENT '作者id',
  `chapter_total` int DEFAULT NULL COMMENT '总章节数量',
  `copyright` varchar(255) DEFAULT NULL COMMENT '版权方 出版社',
  `state` tinyint DEFAULT '1' COMMENT '状态 默认1 待上架 5 已上架 0 删除',
  `category_id` int DEFAULT '1' COMMENT '分类id',
  PRIMARY KEY (`id`),
  KEY `idx` (`state`),
  KEY `idx_categry` (`category_id`),
  KEY `idx_author` (`author_id`)
) ENGINE=InnoDB AUTO_INCREMENT=4 DEFAULT CHARSET=utf8mb4 COLLATE=utf8mb4_0900_ai_ci COMMENT='书籍';

-- ----------------------------
-- Records of book
-- ----------------------------
INSERT INTO `book` VALUES ('1', '家族修仙从养鱼开始', '穿越重生至修仙家族李家，只是灵根有点差，行吧，练符养鱼赚灵石，资质不够，灵石来凑。 好兄弟修行太慢需要指导一下？却发现了了不得的大事。 震惊：四哥竟然是五灵根修士，却修出了三灵根的修练速度。 什么，老六竟然是暗灵根？我之前还怕你吃苦，又怕你受累，才辛苦指导你修炼，你竟然是暗灵根！ 好吧，李祥云第一次酸了。 【凡人流】【家族流】【种田流】', '1', '1290', '潇潇暮雪归   著   连载 · 签约 · VIP · 仙侠 · 修真文明', '5', '1');
INSERT INTO `book` VALUES ('2', '从聊斋开始修改命数', '【杀伐果断】【凡人流】【种田】【聊斋味】 简介一： 美人皮，狐嫁女，醉来舞剑天倾雨。 掌中剑，壶中妖，腰间悬剑仗逍遥。 “三十六州尘烟正嚣，九万里剑气招摇，我徐长生无甚所长，唯有一心，一剑，一酒壶而已。”', '2', '1480', '胡北枳   著   连载 · 签约 · VIP · 仙侠 · 古典仙侠', '5', '1');
INSERT INTO `book` VALUES ('3', '太古第一仙', '云逍死后魂飞天际时震撼发现：他生活了十六年的浩瀚人间，形状竟像一座坟墓！坟下一尊太古铜棺，大如沧溟，魔气滔天，一座座陆地都是棺上一抔抔黄土，万万亿活人竟在坟土中繁衍生息！巨棺内一具仙尸，其眼如地府，口若黄泉，头发似苍龙，身体像百万山脉。不知何方仙神，万古长眠于此！ 少年冤魂不灭，遁入仙尸还魂重生，以世界天柱为剑，以浮生大陆为符，一人一棺杀穿仙路，通天证道！', '3', '890', '作者： 风青阳   授权级别：	签约作品	作品类别：	古典仙侠', '5', '1');

-- ----------------------------
-- Table structure for category
-- ----------------------------
DROP TABLE IF EXISTS `category`;
CREATE TABLE `category` (
  `id` int unsigned NOT NULL AUTO_INCREMENT,
  `category_name` varchar(255) DEFAULT '' COMMENT '分类名称',
  `parent_id` int NOT NULL DEFAULT '0' COMMENT '父分类',
  `is_del` tinyint(1) NOT NULL DEFAULT '0' COMMENT '是否删除 1删除',
  PRIMARY KEY (`id`)
) ENGINE=InnoDB AUTO_INCREMENT=6 DEFAULT CHARSET=utf8mb4 COLLATE=utf8mb4_0900_ai_ci COMMENT='书籍分类';

-- ----------------------------
-- Records of category
-- ----------------------------
INSERT INTO `category` VALUES ('1', '玄幻', '0', '0');
INSERT INTO `category` VALUES ('2', '武侠', '0', '0');
INSERT INTO `category` VALUES ('3', '历史', '0', '0');
INSERT INTO `category` VALUES ('4', '科幻', '0', '0');

-- ----------------------------
-- Table structure for chapter
-- ----------------------------
DROP TABLE IF EXISTS `chapter`;
CREATE TABLE `chapter` (
  `id` int unsigned NOT NULL AUTO_INCREMENT,
  `book_id` int unsigned NOT NULL,
  `chapter_name` varchar(255) DEFAULT NULL COMMENT '章节标题',
  `chapter_content` longtext COMMENT '章节内容',
  `chapter_rank` int unsigned DEFAULT NULL COMMENT '章节排序',
  PRIMARY KEY (`id`),
  UNIQUE KEY `IDX` (`book_id`,`chapter_rank`) USING BTREE
) ENGINE=InnoDB AUTO_INCREMENT=7 DEFAULT CHARSET=utf8mb4 COLLATE=utf8mb4_0900_ai_ci COMMENT='书籍-章节列表';

-- ----------------------------
-- Records of chapter
-- ----------------------------
INSERT INTO `chapter` VALUES ('1', '1', '第一章 灵根之说', '<p>&lt;main id=\"c-750942298\" data-type=\"cjk\" class=\"content mt-1.5em text-s-gray-900 leading-[1.8] relative z-0 r-font-black\" data-v-14130e9d=\"\"&gt;&lt;p&gt;&lt;span class=\"content-text\" data-count=\"0\" data-index=\"1\"&gt;　　“云儿啊，虎背拳练得怎么样了啊，今天打十遍了吗？”李祥云愣神之际，李繁华的声音从耳后传来。李祥云十分惊喜，连忙上前说到：“自然是打完了，现在还腰酸背痛呢。”&lt;/span&gt;&lt;!----&gt;&lt;/p&gt;&lt;p&gt;&lt;span class=\"content-text\" data-count=\"0\" data-index=\"2\"&gt;　　李繁华上前摸了摸李祥云的头，柔声说道：“练武又遇到什么问题吗？”李祥云自然是没什么问题，毕竟从小就练，早都练了万遍了，有什么问题早解决了。&lt;/span&gt;&lt;!----&gt;&lt;/p&gt;&lt;p&gt;&lt;span class=\"content-text\" data-count=\"0\" data-index=\"3\"&gt;　　但是李繁华好为人师，自然不能说没有问题，随便挑了几个问题问了问，果然李繁华喜形于色，指点了李祥云几下之后便问道：“你母亲可在家中，家里最近有事发生吗？”&lt;/span&gt;&lt;!----&gt;&lt;/p&gt;&lt;p&gt;&lt;span class=\"content-text\" data-count=\"0\" data-index=\"4\"&gt;　　李祥云笑嘻嘻的说：“父亲你是不是想母亲了，只不过母亲这几天忙于制符，你可不能打扰到她，家里倒是没什么事发生，倒是您之前买的八珍鸡现在可以下蛋了。”&lt;/span&gt;&lt;!----&gt;&lt;/p&gt;&lt;p&gt;&lt;span class=\"content-text\" data-count=\"6\" data-index=\"5\"&gt;　　李繁华身为李祥云的父亲，火木水土四灵根，主修火属性功法排云掌。年岁三十余岁却只有练气六层的修为。&lt;/span&gt;&lt;span class=\"review\" data-index=\"5\"&gt;&lt;span class=\"review-icon\"&gt;&lt;/span&gt;&lt;span class=\"review-count\"&gt;6&lt;/span&gt;&lt;!----&gt;&lt;/span&gt;&lt;/p&gt;&lt;p&gt;&lt;span class=\"content-text\" data-count=\"0\" data-index=\"6\"&gt;　　却不是说李繁华修为低了，这个修为在李家不算低了，同辈除了两个三灵根步入练气后期，最快的也只有练气四五层，而李繁华更是已经练气六层巅峰了，并且已经四五年了。&lt;/span&gt;&lt;!----&gt;&lt;/p&gt;&lt;p&gt;&lt;span class=\"content-text\" data-count=\"0\" data-index=\"7\"&gt;　　要知道一般散修四五灵根可能一辈子卡在练气初期，中期也仅有极少数才能踏入，至于练气后期没几个人能做到，比筑基期前辈还少见。而家族修士稍好一点，但是也大多数是练气中期，练气后期少有。&lt;/span&gt;&lt;!----&gt;&lt;/p&gt;&lt;p&gt;&lt;span class=\"content-text\" data-count=\"1\" data-index=\"8\"&gt;　　就算是宗门修士功法好，资源更多，更多的也是练气中期，就算是练气初期也有，练气后期就算是多了一些，也是少数。&lt;/span&gt;&lt;span class=\"review\" data-index=\"8\"&gt;&lt;span class=\"review-icon\"&gt;&lt;/span&gt;&lt;span class=\"review-count\"&gt;1&lt;/span&gt;&lt;!----&gt;&lt;/span&gt;&lt;/p&gt;&lt;p&gt;&lt;span class=\"content-text\" data-count=\"3\" data-index=\"9\"&gt;　　四灵根，五灵根是修仙界的常态。三灵根是优秀者，有望筑基，两灵根才担得起天才之名，有很大概率筑基。&lt;/span&gt;&lt;span class=\"review\" data-type=\"hot\" data-index=\"9\"&gt;&lt;span class=\"review-icon\"&gt;&lt;/span&gt;&lt;span class=\"review-count\"&gt;3&lt;/span&gt;&lt;!----&gt;&lt;/span&gt;&lt;/p&gt;&lt;p&gt;&lt;span class=\"content-text\" data-count=\"0\" data-index=\"10\"&gt;　　至于单灵根，又称天灵根，那是真正的天之骄子，传说筑基如吃饭喝水，结丹也没有什么阻碍。至于天灵根之上，则是有变异灵根，更是有灵体道体之说。&lt;/span&gt;&lt;!----&gt;&lt;/p&gt;&lt;p&gt;&lt;span class=\"content-text\" data-count=\"0\" data-index=\"11\"&gt;　　灵根之说众说纷纭，至于流传最广之说则认为是人自降生以来孕含有一口先天之气，出生之后化作灵根。&lt;/span&gt;&lt;!----&gt;&lt;/p&gt;&lt;p&gt;&lt;span class=\"content-text\" data-count=\"0\" data-index=\"12\"&gt;　　人体有五行之说，自然五属性灵根都具有。灵根属性各属性总计一百点，只有超过一点才算作灵根，不超过便不计数。由此看来四灵根五灵根人数之多，天才终归只存在少数。&lt;/span&gt;&lt;!----&gt;&lt;/p&gt;&lt;p&gt;&lt;span class=\"content-text\" data-count=\"7\" data-index=\"13\"&gt;　　除了常见的五行属性灵根之外，还有比较常见风，冰，雷这三种变异灵根，这种灵根的修行速度低于天灵根，而高于双灵根。&lt;/span&gt;&lt;span class=\"review\" data-index=\"13\"&gt;&lt;span class=\"review-icon\"&gt;&lt;/span&gt;&lt;span class=\"review-count\"&gt;7&lt;/span&gt;&lt;!----&gt;&lt;/span&gt;&lt;/p&gt;&lt;p&gt;&lt;span class=\"content-text\" data-count=\"0\" data-index=\"14\"&gt;　　拥有变异灵根的人不仅修行速度快，而修行的功法威力也大，一旦出现会被各大宗门疯狂抢收，而缺点则是能相适应的功法少，灵物少。至于更稀有的变异灵根暗灵根，光灵根更少见了，不说也罢。&lt;/span&gt;&lt;!----&gt;&lt;/p&gt;&lt;p&gt;&lt;span class=\"content-text\" data-count=\"0\" data-index=\"15\"&gt;　　而灵体道体整个修仙界都没有几个，有关的消息更是少见，但是有一个修仙界自古流传的神秘传说：有道是身具灵根的人万里挑一，都是人杰，这些人福缘深厚，都有一丝成道的机会，而灵体道体，更是修行者中的龙凤，这种人大都是大能转世，或者是气运逆天之辈，非常人所能及也。&lt;/span&gt;&lt;!----&gt;&lt;/p&gt;&lt;p&gt;&lt;span class=\"content-text\" data-count=\"0\" data-index=\"16\"&gt;　　言归正传，李繁华虽然在整个修仙界算是修为低，年少也曾努力过，知道自己灵根不好二十岁就加入到了家族的猎妖队，经历了几番生死，修为才突破了练气中层。&lt;/span&gt;&lt;!----&gt;&lt;/p&gt;&lt;p&gt;&lt;span class=\"content-text\" data-count=\"1\" data-index=\"17\"&gt;　　后来遇到王文媛，结为双修道侣诞下了李祥云之后，这是才退出了猎妖队，加入到了家族运输队，在望溪镇附近活动。&lt;/span&gt;&lt;span class=\"review\" data-index=\"17\"&gt;&lt;span class=\"review-icon\"&gt;&lt;/span&gt;&lt;span class=\"review-count\"&gt;1&lt;/span&gt;&lt;!----&gt;&lt;/span&gt;&lt;/p&gt;&lt;p&gt;&lt;span class=\"content-text\" data-count=\"0\" data-index=\"18\"&gt;　　这不刚完成运输任务回到家就看见李祥云在发呆，对于这个儿子，李繁华是极为喜爱的，对于他的教导很是听话。&lt;/span&gt;&lt;!----&gt;&lt;/p&gt;&lt;p&gt;&lt;span class=\"content-text\" data-count=\"0\" data-index=\"19\"&gt;　　他让每天打十遍虎背拳，但是李祥云却是每次打十几遍接近二十遍，年仅十岁便已经是后天巅峰了，差一步就迈入先天之期了。&lt;/span&gt;&lt;!----&gt;&lt;/p&gt;&lt;p&gt;&lt;span class=\"content-text\" data-count=\"0\" data-index=\"20\"&gt;　　更重要的是身具灵根，虽然不知道是什么灵根，但是对其爱护有加从小培养。&lt;/span&gt;&lt;!----&gt;&lt;/p&gt;&lt;p&gt;&lt;span class=\"content-text\" data-count=\"0\" data-index=\"21\"&gt;　　要知道练武伤身，寻常的孩童打十遍便已经是极限了，而李祥云却能打接近二十遍，这其中的一个最重要的原因便是从小就喝灵米粥，而灵米饭身体也承受不起。&lt;/span&gt;&lt;!----&gt;&lt;/p&gt;&lt;p&gt;&lt;span class=\"content-text\" data-count=\"1\" data-index=\"22\"&gt;　　要知道灵米可是少数非修仙者也能吃的灵物，灵气是大补也是大毒之物，虚不受补严重者会爆体而亡，也只有灵米这种性温和的灵物才能补气血灵气，武者才能进步飞速。&lt;/span&gt;&lt;span class=\"review\" data-index=\"22\"&gt;&lt;span class=\"review-icon\"&gt;&lt;/span&gt;&lt;span class=\"review-count\"&gt;1&lt;/span&gt;&lt;!----&gt;&lt;/span&gt;&lt;/p&gt;&lt;p&gt;&lt;span class=\"content-text\" data-count=\"0\" data-index=\"23\"&gt;　　同村的同龄人最多后天初中期，而李祥云可是顿顿吃肉喝灵米粥，其他同村的孩子只能过年期间喝一点灵米粥，或者突破的时候吃，寻常想都不要想，要花灵石的。寻常人哪有灵石花，也只有李祥云这种“仙二代”才能享用。&lt;/span&gt;&lt;!----&gt;&lt;/p&gt;&lt;p&gt;&lt;span class=\"content-text\" data-count=\"0\" data-index=\"24\"&gt;　　即便是这种境况也只能喝喝灵米粥，吃不起灵米饭，李繁华负担不起。要知道一斤灵米要花一枚灵珠去买，灵珠是十年的先天期老蚌出产，一年仅能出产五六颗枚，而一百枚灵珠可以换一颗灵石。&lt;/span&gt;&lt;!----&gt;&lt;/p&gt;&lt;p&gt;&lt;span class=\"content-text\" data-count=\"0\" data-index=\"25\"&gt;　　灵珠是修仙界的大宗货物，修仙前练武，练气前期都要用到灵珠补灵气补气血，到现在早已成一般等价物了。&lt;/span&gt;&lt;!----&gt;&lt;/p&gt;&lt;p&gt;&lt;span class=\"content-text\" data-count=\"0\" data-index=\"26\"&gt;　　灵石更是修仙界的硬通货，分为低品，中品，高品，极品灵石，换算单位是一百灵石，但这只是理论上的，事实上低品灵石换中品灵石要溢价百分之二三十，至于中品灵石换高品灵石，高品灵石换极品灵石溢价更多。&lt;/span&gt;&lt;!----&gt;&lt;/p&gt;&lt;p&gt;&lt;span class=\"content-text\" data-count=\"0\" data-index=\"27\"&gt;　　李繁华大半时间在为家族奔波，好不容易回来对妻儿更是想念的紧。&lt;/span&gt;&lt;!----&gt;&lt;/p&gt;&lt;p&gt;&lt;span class=\"content-text\" data-count=\"0\" data-index=\"28\"&gt;　　但是到家了虽然不能立即见到妻子，但是看到乖巧的李祥云又开始谆谆教导：“看样子你已经达到了后天巅峰，差一步就进入先天之境了，幸好为父回来的及时，你看这是什么？”说罢便将一颗灵性十足的桃子拿了出来。&lt;/span&gt;&lt;!----&gt;&lt;/p&gt;&lt;p&gt;&lt;span class=\"content-text\" data-count=\"0\" data-index=\"29\"&gt;　　“这是灵桃？”李祥云惊奇道。&lt;/span&gt;&lt;!----&gt;&lt;/p&gt;&lt;p&gt;&lt;span class=\"content-text\" data-count=\"2\" data-index=\"30\"&gt;　　“正是，”李繁华得意的摸了摸胡须，“这是一阶下品黄桃木所结的灵桃，性温和，而且灵力充足，正适合你突破先天期，突破后还能借残余灵力稳定境界。”李祥云连忙上前抱住李繁华的大腿：“谢谢父亲大人！”&lt;/span&gt;&lt;span class=\"review\" data-index=\"30\"&gt;&lt;span class=\"review-icon\"&gt;&lt;/span&gt;&lt;span class=\"review-count\"&gt;2&lt;/span&gt;&lt;!----&gt;&lt;/span&gt;&lt;/p&gt;&lt;p&gt;&lt;span class=\"content-text\" data-count=\"0\" data-index=\"31\"&gt;　　黄桃木李祥云自然是知道的，最高可达二阶下品，李家有一棵一阶上品的百年黄桃木，还有十几棵一阶中下品的黄桃木，这可是李家的镇族之宝。&lt;/span&gt;&lt;!----&gt;&lt;/p&gt;&lt;p&gt;&lt;span class=\"content-text\" data-count=\"0\" data-index=\"32\"&gt;　　灵桃一年一开花一年一结果，再到长到成熟共计三年，平均每年为家族带来一千多块灵石，是除了家族灵鱼生意外的第二大收益。&lt;/span&gt;&lt;!----&gt;&lt;/p&gt;&lt;p&gt;&lt;span class=\"content-text\" data-count=\"5\" data-index=\"33\"&gt;　　这枚灵桃是一株一阶下品结的果，市场价值五块灵石。家族内部福利三块灵石就能买到，当然也是限额的。&lt;/span&gt;&lt;span class=\"review\" data-index=\"33\"&gt;&lt;span class=\"review-icon\"&gt;&lt;/span&gt;&lt;span class=\"review-count\"&gt;5&lt;/span&gt;&lt;!----&gt;&lt;/span&gt;&lt;/p&gt;&lt;p&gt;&lt;span class=\"content-text\" data-count=\"0\" data-index=\"34\"&gt;　　&lt;/span&gt;&lt;!----&gt;&lt;/p&gt;&lt;/main&gt;</p>', '1');
INSERT INTO `chapter` VALUES ('2', '1', '第二章 突破先天', '<p>&lt;div class=\"read-content j_readContent\" id=\"j_751033382\"&gt;     &lt;p data-type=\"2\"&gt;&lt;span class=\"content-wrap\"&gt;　　李繁华招手示意李祥云起身，严肃问道：“你可知练武是为了什么？”李祥云不解。&lt;/span&gt;&lt;span class=\"review-count hidden\" data-segid=\"1\"&gt;&lt;/span&gt;&lt;/p&gt;&lt;p data-type=\"2\" class=\"active\"&gt;&lt;span class=\"content-wrap\"&gt;　　要知道他可是蓝星的穿越人士，自从降生便开启了智慧，并记得前世之事，在这修仙界中，从小便低调行事，从不敢做逾越规矩之事。&lt;/span&gt;&lt;span class=\"review-count\" data-segid=\"2\"&gt;2&lt;i&gt;&lt;cite&gt;&lt;/cite&gt;&lt;/i&gt;&lt;/span&gt;&lt;/p&gt;&lt;p data-type=\"2\"&gt;&lt;span class=\"content-wrap\"&gt;　　在父母的眼里他只是早慧，比同期的孩童多了几分稳重，从此之外表现的没有什么不同。&lt;/span&gt;&lt;span class=\"review-count hidden\" data-segid=\"3\"&gt;&lt;/span&gt;&lt;/p&gt;&lt;p data-type=\"2\"&gt;&lt;span class=\"content-wrap\"&gt;　　在他的认知当中，修仙是为了长生，但是好像跟练武没有什么关系。既然是父母的安排，他虽然不解，父母只会为了他好不会害他，自然听话照做。&lt;/span&gt;&lt;span class=\"review-count hidden\" data-segid=\"4\"&gt;&lt;/span&gt;&lt;/p&gt;&lt;p data-type=\"2\"&gt;&lt;span class=\"content-wrap\"&gt;　　看着李祥云疑惑的样子，李繁华又说：“练武分为后天还有先天，后天淬皮，打磨身体，但是先天却是练筋淬骨！”&lt;/span&gt;&lt;span class=\"review-count\" data-segid=\"5\"&gt;1&lt;i&gt;&lt;cite&gt;&lt;/cite&gt;&lt;/i&gt;&lt;/span&gt;&lt;/p&gt;&lt;p data-type=\"2\"&gt;&lt;span class=\"content-wrap\"&gt;　　“重点在于这练筋，要知道人的筋脉是很脆弱的，而修仙引灵气入体，是既幸福又痛苦的事，后天打磨身体，磨练意志，先天淬炼筋骨，提高韧性，以便于后面引气入体。”&lt;/span&gt;&lt;span class=\"review-count hidden\" data-segid=\"6\"&gt;&lt;/span&gt;&lt;/p&gt;&lt;p data-type=\"2\"&gt;&lt;span class=\"content-wrap\"&gt;　　“而进入练气期后，练气初期每天可以修行三个时辰，练气中期五个时辰，练气后期七个时辰，而经过先天期淬筋炼骨之后，练气初期可以最多可以多修行一个时辰，练气中期两个时辰，练气后期三个时辰！”&lt;/span&gt;&lt;span class=\"review-count hidden\" data-segid=\"7\"&gt;&lt;/span&gt;&lt;/p&gt;&lt;p data-type=\"2\"&gt;&lt;span class=\"content-wrap\"&gt;　　“你可知道多出来的时间有多么宝贵，修仙者同时间赛跑，有条件的家族宗门修士都先练武后修仙。”闻此李祥云恍然大悟，没想到练武还有如此多的好处。&lt;/span&gt;&lt;span class=\"review-count hidden\" data-segid=\"8\"&gt;&lt;/span&gt;&lt;/p&gt;&lt;p data-type=\"2\"&gt;&lt;span class=\"content-wrap\"&gt;　　“今晚调整一下状态开始突破吧，为父为你护法。”摆摆手去看王文媛了。&lt;/span&gt;&lt;span class=\"review-count hidden\" data-segid=\"9\"&gt;&lt;/span&gt;&lt;/p&gt;&lt;p data-type=\"2\"&gt;&lt;span class=\"content-wrap\"&gt;　　对于李祥云突破一事李繁华不会太担心，只是练武后天突破先天罢了，李祥云根基扎实，即便是平时突破的机会都不少，即便失败也没关系，李祥云还年轻，修整一段时间就好，更何况有了灵桃更是万无一失。&lt;/span&gt;&lt;span class=\"review-count hidden\" data-segid=\"10\"&gt;&lt;/span&gt;&lt;/p&gt;&lt;p data-type=\"2\"&gt;&lt;span class=\"content-wrap\"&gt;　　当晚，王文媛捏着李繁华的手心都出汗了，紧张地说道：“相公，云儿突破不会有事吧。”&lt;/span&gt;&lt;span class=\"review-count\" data-segid=\"11\"&gt;1&lt;i&gt;&lt;cite&gt;&lt;/cite&gt;&lt;/i&gt;&lt;/span&gt;&lt;/p&gt;&lt;p data-type=\"2\"&gt;&lt;span class=\"content-wrap\"&gt;　　“能有什么事啊，这小子你又不是不知道，自小就稳重，根基扎实，他自己都有七八成突破的把握，还有我价值三灵石的黄木桃，更是万无一失，还有什么可担心的。”&lt;/span&gt;&lt;span class=\"review-count\" data-segid=\"12\"&gt;3&lt;i&gt;&lt;cite&gt;&lt;/cite&gt;&lt;/i&gt;&lt;/span&gt;&lt;/p&gt;&lt;p data-type=\"2\"&gt;&lt;span class=\"content-wrap\"&gt;　　李繁华撇了撇嘴，李祥云突破他自然不担心，在他看来如果李祥云突破不了就没几个人能突破，对于李祥云突破他是最有信心的。&lt;/span&gt;&lt;span class=\"review-count hidden\" data-segid=\"13\"&gt;&lt;/span&gt;&lt;/p&gt;&lt;p data-type=\"2\"&gt;&lt;span class=\"content-wrap\"&gt;　　李祥云在自己小屋内屏气凝神，看着差不多了，便拿起灵桃咬了一口，感觉就像是吃前世的果冻一般，只见巴掌大小的桃子哧溜一下滑入腹中，只剩一个桃核。&lt;/span&gt;&lt;span class=\"review-count hidden\" data-segid=\"14\"&gt;&lt;/span&gt;&lt;/p&gt;&lt;p data-type=\"2\"&gt;&lt;span class=\"content-wrap\"&gt;　　霎时灵气便在腹中散开，李祥云急忙扔开桃核，运转腹中灵气在筋脉中游走，虎背拳虽然说是练武功法，但是是上乘的筑基之法，灵气游走全身筋脉，李祥云先将灵气运往双臂，立即感觉到双手酸涩胀痛，提不起劲来。&lt;/span&gt;&lt;span class=\"review-count hidden\" data-segid=\"15\"&gt;&lt;/span&gt;&lt;/p&gt;&lt;p data-type=\"2\"&gt;&lt;span class=\"content-wrap\"&gt;　　等到灵气充盈之后，再将灵气引入躯干背部，这时灵气不仅没有后继无力，反而像泄了闸的洪水奔涌而来，很快李祥云上半身僵直，双手已无知觉。又将灵气引入双腿，直到双腿也充斥着灵气。&lt;/span&gt;&lt;span class=\"review-count hidden\" data-segid=\"16\"&gt;&lt;/span&gt;&lt;/p&gt;&lt;p data-type=\"2\"&gt;&lt;span class=\"content-wrap\"&gt;　　这时体内还有许多灵气，李祥云运转功法在体内游转几个周天，到现在为止李祥云淬炼了一遍全身，已经是突破先天了。&lt;/span&gt;&lt;span class=\"review-count hidden\" data-segid=\"17\"&gt;&lt;/span&gt;&lt;/p&gt;&lt;p data-type=\"2\"&gt;&lt;span class=\"content-wrap\"&gt;　　但是体内因为黄木桃的灵气还有很多他运转灵气往脖颈部上涌，要知道，脑部是十分脆弱的，先天之境没有淬炼脑部的说法，就算是练气，筑基之境也没有，只有紫府境才能做到。&lt;/span&gt;&lt;span class=\"review-count hidden\" data-segid=\"18\"&gt;&lt;/span&gt;&lt;/p&gt;&lt;p data-type=\"2\"&gt;&lt;span class=\"content-wrap\"&gt;　　李祥云自然是知道的，但是他体内灵气还有很多，运转了几个周天了也没有见少多少，想着淬炼到颈部就可以了，一般人突破先天可没有这么多灵气。&lt;/span&gt;&lt;span class=\"review-count hidden\" data-segid=\"19\"&gt;&lt;/span&gt;&lt;/p&gt;&lt;p data-type=\"2\"&gt;&lt;span class=\"content-wrap\"&gt;　　灵气到了脖颈之后，脑部仿佛某个地方开了窍一样，开始吸收灵气，开始还是一点一点，后来是一缕一缕，很快体内的灵气便被吸收殆尽了。&lt;/span&gt;&lt;span class=\"review-count hidden\" data-segid=\"20\"&gt;&lt;/span&gt;&lt;/p&gt;&lt;p data-type=\"2\"&gt;&lt;span class=\"content-wrap\"&gt;　　李祥云头痛欲裂，已经昏死了过去，好在这时已经突破先天期，体内灵气也吸收完了，并无大碍。&lt;/span&gt;&lt;span class=\"review-count hidden\" data-segid=\"21\"&gt;&lt;/span&gt;&lt;/p&gt;&lt;p data-type=\"2\"&gt;&lt;span class=\"content-wrap\"&gt;　　但是屋外的父母确是急坏了，寻常人突破先天一个时辰便够了，而李祥云用时三个时辰还没有结束，这时李繁华意识到不对劲了。&lt;/span&gt;&lt;span class=\"review-count hidden\" data-segid=\"22\"&gt;&lt;/span&gt;&lt;/p&gt;&lt;p data-type=\"2\"&gt;&lt;span class=\"content-wrap\"&gt;　　黄木桃灵气对于李祥云来说是多，但是三个时辰怎么也该散尽了，毕竟先天期不能引气，只能通过外界灵物补充灵气然后淬炼筋脉，在这个过程中灵气会不断消耗溢散。&lt;/span&gt;&lt;span class=\"review-count hidden\" data-segid=\"23\"&gt;&lt;/span&gt;&lt;/p&gt;&lt;p data-type=\"2\"&gt;&lt;span class=\"content-wrap\"&gt;　　但是李祥云这三个时辰了还没有出关，如何不让李繁华王芸着急，王文媛现在已经泪如雨下，拉着李繁华的手不知所措。&lt;/span&gt;&lt;span class=\"review-count hidden\" data-segid=\"24\"&gt;&lt;/span&gt;&lt;/p&gt;&lt;p data-type=\"2\"&gt;&lt;span class=\"content-wrap\"&gt;　　李繁华从慌乱中回过神来，对王文媛道：“三个时辰了灵气怎么也该散尽了，不管有没有突破，都要进去看一下。”&lt;/span&gt;&lt;span class=\"review-count hidden\" data-segid=\"25\"&gt;&lt;/span&gt;&lt;/p&gt;&lt;p data-type=\"2\"&gt;&lt;span class=\"content-wrap\"&gt;　　不管是武者还是修士突破最忌打扰，现在却顾不得了，毕竟已经等了三个时辰了。&lt;/span&gt;&lt;span class=\"review-count hidden\" data-segid=\"26\"&gt;&lt;/span&gt;&lt;/p&gt;&lt;p data-type=\"2\"&gt;&lt;span class=\"content-wrap\"&gt;　　很快就见到了歪倒在地的李祥云，看到李祥云气息平稳，并且已经迈入到了先天中期之境。李繁华夫妇松了口气，但是看到李祥云面部狰狞，面露痛苦，还是担心不已。&lt;/span&gt;&lt;span class=\"review-count hidden\" data-segid=\"27\"&gt;&lt;/span&gt;&lt;/p&gt;&lt;p data-type=\"2\"&gt;&lt;span class=\"content-wrap\"&gt;　　等到李祥云醒来已经是第二天晚上，他梦到自己进入到了宇宙之中遨游，漫步满天星河，游览各种奇异之景，但是醒来什么都不记得了，只记得自己神游天外。&lt;/span&gt;&lt;span class=\"review-count hidden\" data-segid=\"28\"&gt;&lt;/span&gt;&lt;/p&gt;&lt;p data-type=\"2\"&gt;&lt;span class=\"content-wrap\"&gt;　　见到李祥云醒来李繁华夫妇大喜，连忙询问发生了什么。李祥云自然是不敢将事实讲出，只说是灵气太过充足，他淬炼了几遍筋脉之后昏厥了过去。&lt;/span&gt;&lt;span class=\"review-count hidden\" data-segid=\"29\"&gt;&lt;/span&gt;&lt;/p&gt;&lt;p data-type=\"2\"&gt;&lt;span class=\"content-wrap\"&gt;　　“你看吧，我就说过不了多久便会醒来，你看你们俩大惊小怪的。倒是身具灵根突破先天期还能昏厥前所未见，心志还要多加打磨啊。”&lt;/span&gt;&lt;span class=\"review-count hidden\" data-segid=\"30\"&gt;&lt;/span&gt;&lt;/p&gt;&lt;p data-type=\"2\"&gt;&lt;span class=\"content-wrap\"&gt;　　说完还怪异的看了一眼李祥云，说话的正是李家唯一的一阶下品炼丹师，繁字辈排行第三，练气八层修为的李繁林。原来是李繁华夫妇见李祥云许久不醒便请来了李繁林看看情况。&lt;/span&gt;&lt;span class=\"review-count hidden\" data-segid=\"31\"&gt;&lt;/span&gt;&lt;/p&gt;&lt;p data-type=\"2\"&gt;&lt;span class=\"content-wrap\"&gt;　　听到这话李祥云有些害臊，他父母都是修士，他了解的自然比其他人多，有灵根突破先天，自然可以感悟到灵气，淬炼经脉效率更高，突破是水到渠成，可比感悟不到灵气的凡人轻松多了，他们犹如摸着石头在黑夜里过河。&lt;/span&gt;&lt;span class=\"review-count hidden\" data-segid=\"32\"&gt;&lt;/span&gt;&lt;/p&gt;&lt;p data-type=\"2\"&gt;&lt;span class=\"content-wrap\"&gt;　　有灵根突破先天失败虽然少有，也能理解，毕竟灵物少了不足以淬炼全身筋脉也能理解，但是吃撑了而昏厥确是前所未闻，被误会也不足奇怪了。而李祥云也不好多做解释。&lt;/span&gt;&lt;span class=\"review-count hidden\" data-segid=\"33\"&gt;&lt;/span&gt;&lt;/p&gt;&lt;p data-type=\"2\"&gt;&lt;span class=\"content-wrap\"&gt;　　看到李繁林要走，李繁华上前寒暄了几句，送李繁林离开。&lt;/span&gt;&lt;span class=\"review-count hidden\" data-segid=\"34\"&gt;&lt;/span&gt;&lt;/p&gt;&lt;p data-type=\"2\"&gt;&lt;span class=\"content-wrap\"&gt;　　回来之后李繁华冷着脸：“臭小子，你怎么回事，你可别拿刚刚那套来唬我，你老子还不了解你？”王文媛也上前问道：“儿啊，到底怎么回事，你不知道我有多么担心！”&lt;/span&gt;&lt;span class=\"review-count hidden\" data-segid=\"35\"&gt;&lt;/span&gt;&lt;/p&gt;&lt;p data-type=\"2\"&gt;&lt;span class=\"content-wrap\"&gt;　　李祥云也过意不去，他自己还搞不明白怎么回事呢。但是说实话肯定又让父母担心，比较涉及到脑部被灵气淬炼，让李繁华知道了不得把他打死。&lt;/span&gt;&lt;span class=\"review-count\" data-segid=\"36\"&gt;1&lt;i&gt;&lt;cite&gt;&lt;/cite&gt;&lt;/i&gt;&lt;/span&gt;&lt;/p&gt;&lt;p data-type=\"2\"&gt;&lt;span class=\"content-wrap\"&gt;　　现在王文媛眼睛都哭肿了，精神更是萎靡，李繁华状态也不太好，他自然更是不敢说。&lt;/span&gt;&lt;span class=\"review-count hidden\" data-segid=\"37\"&gt;&lt;/span&gt;&lt;/p&gt;&lt;p data-type=\"2\"&gt;&lt;span class=\"content-wrap\"&gt;　　李祥云现在感觉很好，脑子空前清明，浑身充满了力量，唯一的缺点便是浑身都布满了脏污，臭不可闻。虽然不知道昏厥后发生了什么，但感觉肯定是好事。&lt;/span&gt;&lt;span class=\"review-count hidden\" data-segid=\"38\"&gt;&lt;/span&gt;&lt;/p&gt;&lt;p data-type=\"2\"&gt;&lt;span class=\"content-wrap\"&gt;　　只好嘴硬道：“我服用了黄木桃之后就突破了先天之境，但是灵气太过充足淬炼了全身好几遍之后身体僵直累的昏睡了过去。”&lt;/span&gt;&lt;span class=\"review-count hidden\" data-segid=\"39\"&gt;&lt;/span&gt;&lt;/p&gt;&lt;p data-type=\"2\"&gt;&lt;span class=\"content-wrap\"&gt;　　李繁华自是不信，昏睡了可以叫醒，昏厥了可叫不醒，身体僵直是因为灵气在淬体，但是灵气消散之后会回复正常。&lt;/span&gt;&lt;span class=\"review-count hidden\" data-segid=\"40\"&gt;&lt;/span&gt;&lt;/p&gt;&lt;p data-type=\"2\"&gt;&lt;span class=\"content-wrap\"&gt;　　他可是叫了好几次叫不醒之后才去请的李繁林。之后有逼问了好几次李祥云咬牙坚持，看问不出来什么李繁华自然是放弃了。比较每个人都有自己的秘密，尽管李祥云还小。&lt;/span&gt;&lt;span class=\"review-count hidden\" data-segid=\"41\"&gt;&lt;/span&gt;&lt;/p&gt;&lt;p data-type=\"2\"&gt;&lt;span class=\"content-wrap\"&gt;　　这时王文媛也出来打圆场：“儿子才十岁，累倒了昏睡很正常，你一直问什么？儿子饿了吧，正好八珍鸡也下了几颗蛋给你炒了吃，刚突破补补身体，另外热水一直给你准备着，先洗洗吧。”&lt;/span&gt;&lt;span class=\"review-count hidden\" data-segid=\"42\"&gt;&lt;/span&gt;&lt;/p&gt;&lt;p data-type=\"2\"&gt;&lt;span class=\"content-wrap\"&gt;　　说完便去下厨房了，李繁华去打下手，王文媛看着父母离去李祥云松了一口气，心里想着这件事总算是过去了。&lt;/span&gt;&lt;span class=\"review-count hidden\" data-segid=\"43\"&gt;&lt;/span&gt;&lt;/p&gt;&lt;p data-type=\"2\"&gt;&lt;span class=\"content-wrap\"&gt;　　他却不知，李祥云突破先天之境昏厥之事已经在家族之中传开。毕竟修行是很枯燥的事，各种稀奇怪事修仙者可是八卦的很。&lt;/span&gt;&lt;span class=\"review-count hidden\" data-segid=\"44\"&gt;&lt;/span&gt;&lt;/p&gt;&lt;p data-type=\"2\"&gt;&lt;span class=\"content-wrap\"&gt;　　李祥云洗完澡之后母亲饭菜已经做好了，从昨晚突破到现在已经整整一天没有吃饭喝水了，李祥云现在只是凡人，而且是一个先天期的武者，饭量可是很大的，足足干了三大碗灵米饭，这才吃饱。&lt;/span&gt;&lt;span class=\"review-count hidden\" data-segid=\"45\"&gt;&lt;/span&gt;&lt;/p&gt;&lt;p data-type=\"2\"&gt;&lt;span class=\"content-wrap\"&gt;　　至于为什么是灵米饭，自然是父母为了庆祝李祥云突破，而且还有炒灵鸡蛋，李祥云经过灵气的冲刷也可以吃灵米饭了。&lt;/span&gt;&lt;span class=\"review-count hidden\" data-segid=\"46\"&gt;&lt;/span&gt;&lt;/p&gt;&lt;p data-type=\"2\"&gt;&lt;span class=\"content-wrap\"&gt;　　这顿饭是李祥云这两辈子吃的最香的饭了，毕竟食材经过灵气的滋养味道绝了。这还只是最低等的灵物，高等阶的灵物味道更好。&lt;/span&gt;&lt;span class=\"review-count hidden\" data-segid=\"47\"&gt;&lt;/span&gt;&lt;/p&gt;&lt;p data-type=\"2\"&gt;&lt;span class=\"content-wrap\"&gt;　　看见李祥云吃的这么香，李繁林夫妇总算是放下心来，他们这一天可是担惊受怕的。&lt;/span&gt;&lt;span class=\"review-count hidden\" data-segid=\"48\"&gt;&lt;/span&gt;&lt;/p&gt;&lt;p data-type=\"2\"&gt;&lt;span class=\"content-wrap\"&gt;　　吃完饭后天色已经很晚了，修真者可以夜视如白昼，李祥云作为先天期武者视力极好，但也还是凡人，再加上李母的叮嘱，早早休息去了。&lt;/span&gt;&lt;span class=\"review-count hidden\" data-segid=\"49\"&gt;&lt;/span&gt;&lt;/p&gt;&lt;p data-type=\"2\"&gt;&lt;span class=\"content-wrap\"&gt;　　&lt;/span&gt;&lt;span class=\"review-count hidden\" data-segid=\"50\"&gt;&lt;/span&gt;&lt;/p&gt;   &lt;/div&gt;</p>', '2');
INSERT INTO `chapter` VALUES ('3', '3', '第1章 一世造化仙', '<p>“云逍，你罪该万死！！”</p><p>一阵愤怒之音席卷皇城，震得宫墙颤动。</p><p>“你身为一国之君，竟豢养妖孽祸害百姓？”</p><p>说话的是一位身穿剑袍的青年！</p><p>他脚下踩着一把仙气缭绕的长剑，呼啸而来。</p><p>“仙人降临云国，救苦救难！”</p><p>一时间，无数百姓泣泪跪下，悲声哀呼。</p><p>那是因为，这皇城内外，此刻正有群蛇噬咬伤人，起码有上万人中了蛇毒，当场暴毙。</p><p>全城血流成河！</p><p>“剑仙？”</p><p>那蛇群当中，有一个龙纹白袍的少年，正与一只蛇妖鏖战！</p><p>他正是云国少年国君‘云逍’！</p><p>今日，正是云逍册封皇后的日子。</p><p>如此重要的日子，一大早却怪事连连，先是即将封后的丞相之女‘姜玥’无故失踪，紧接着皇城各处水道竟涌出百万毒蛇攻击百姓，其中还有一只凶残的百年蛇妖。</p><p>云逍当即亲自带领皇城禁卫，与蛇妖、蛇群搏杀！</p><p>眼看蛇妖将死，竟有剑仙降临？</p><p>“不对！他方才当众宣告，说我养妖害人？”</p><p>云逍，顿觉万分冤枉！</p><p>噗噗！</p><p>就在这时，那苍天之上，陡然落下一道剑光！</p><p>那剑光寒气冷冽，当场贯入那蛇妖脑门，这蛇妖当即血肉粉碎，溅了云逍一身蛇血。</p><p>“好强！”</p><p>这样的神威，让云逍惊心动魄，亦让云国百官、百姓敬奉万分。</p><p>“蛇妖伏诛，万民得救！”</p><p>“仙人功德无量！”</p><p>得救的百姓，一时间哗啦啦跪下，虔诚磕头。</p><p>“云！逍！”</p><p>两声愤怒雷鸣在耳边炸响。</p><p>不知道何时，那剑仙竟然降临到云逍头上！</p><p>他横眉冷竖，脚下剑气汹涌。</p><p>光是剑风刮到云逍身上，都是道道血腥剑痕。</p><p>“你身为一国之君，养妖害人，其罪当诛！”剑仙目光灼灼审视着他，厉声喝道。</p><p>“什么？”</p><p>“这蛇妖竟是陛下豢养的？”</p><p>“剑仙有天眼，自是亲眼所见，还能有假！”</p><p>万众骇然。</p><p>方才躲在深宫里的云国丞相‘姜尚’见状，直接跳了出来，心情激愤指着云逍的鼻子道：“云逍，你好糊涂！百姓奉你为君，你竟昏庸无道，残害上万百姓。”</p><p>姜尚当即跪下哭嚎道：“先帝！姜尚引导无方，让这幼君胡作非为，铸成大错，姜尚亦有罪啊！”</p><p>一时间，云逍万夫所指。</p><p>轰！轰！轰！</p><p>他心脏如遭三拳重击！</p><p>“剑仙！”云逍咬牙大声道：“请容我自证清白！我和这蛇妖绝无……”</p><p>还没等他说完，那剑仙竟然冷笑一声，道：“闭嘴！我手眼通天，你的恶行天地可鉴，万民共证。你无需狡辩，今日我便替天行道，送你下地狱！”</p><p>嗡！</p><p>云逍退后一步。</p><p>他双目血丝涌起，难以置信看着那剑仙。</p><p>他懂了！</p><p>“什么手眼通天？也就只能哄骗百姓！你只是一名剑修，这蛇妖必然是你所放！我和你素不相识，你身为修行者，竟如此恶毒设计害我？传回你师门，你必遭门规刑罚！”</p><p>云逍作为国君，见识当然和百姓不同。</p><p>百姓只当御剑的都是神仙，对其盲目信任、崇拜，贡献香火。</p><p>但云逍却知道，这群人更准确的说……只是一群修道者！</p><p>“云逍，住嘴！”</p><p>“你疯了，竟敢口出狂言，亵渎神仙。”</p><p>“生而为人，竟不敬鬼神，我云国之祸啊！”</p><p>百官、百姓顿时气绝，一个个怒声大喝。</p><p>那剑修见状，飞落到云逍眼前，以轻蔑、讥笑的目光看着云逍，轻声乐道：“听到群众的呼声了吗？告诉你！对你这种凡人之虫来说，我叶孤影，就是仙神！”</p><p>话音落下，他以手指为剑，目光一冷，陡然刺向云逍的眉心。</p><p>他竟真要杀云逍！</p><p>“剑仙，且慢！”</p><p>就在这时候，一个女声响起，众人连忙看去。</p><p>一个玉肌雪肤、身姿玲珑的白裙女子，莲步而来。</p><p>正是丞相之女‘姜玥’。</p><p>她今日本该入宫为后，母仪天下，却于清晨失踪。</p><p>“玥儿，你别过来！”云逍连忙喊道。</p><p>云逍与她自小一起读书、修武，算青梅竹马，自然不愿让她受到牵连。</p><p>今日，是修道者要杀他！</p><p>姜玥一介凡女，哪救得了自己？</p><p>云逍话音刚落，却万万没想到，那姜玥竟一脸漠然越过了他，站到了那叶孤影身边。</p><p>一男一女，明显早就认识！</p><p>“你们？”云逍怔住。</p><p>“云逍，你误会了，我可没想救你。”姜玥此刻看起来很陌生，目光里流转着至深的冰冷，“恰恰相反，今日要你死的人，是我！”</p><p>“你要我死？”云逍如遭雷击。</p><p>“没错。”</p><p>“为什么？”云逍死死咬牙，目中烈火升腾。</p><p>他对姜氏，对她，都不薄。</p><p>“因为它！”</p><p>姜玥说话时，她伸出右手，其掌心剑气呼啸，一道三寸长的银色荧光剑陡然凝聚。</p><p>那荧光剑月光涌动，寒雾缭绕，神威骇人！</p><p>它的出现，让这皇宫的温度骤然下降，人人冰寒。</p><p>“剑魄！”云逍瞳孔一缩。</p><p>姜玥讶异一笑道：“你这凡人国君还挺有见识。没错，我确实觉醒了‘冰月剑魄’，位列‘开阳级’！”</p><p>天生剑魄！</p><p>云逍听说过，甚至，向往过。</p><p>修道者一修境界，二修剑魄，剑魄自带威力，和修道者的丹田，形成‘双力量结构’。</p><p>丹田为本，剑魄为兵！</p><p>常言道：剑魄生，万道开，姜玥这剑魄一出，自然一步登天！</p><p>正因如此，她痴迷看着掌中的‘冰月剑魄’，面色冷傲道：“叶师兄马上就会带我去‘青魂剑宗’拜师学道。以后我为仙人，你为凡人，你我仙凡有别，自然要分出贵贱。”</p><p>“往后，如你这般凡夫俗子，见我须三叩九拜！”</p><p>她说完，看了一眼那叶孤影，眼神里满是对未来仙途的期望。</p><p>“不是，你有大病吧？”</p><p>云逍眼中雷嗔电怒！</p><p>“你有天资修道，你滚去便是，我又不缺女人！就算你对我有私怨，你灭我即可，何必害皇城上万百姓陪葬？”</p><p>身为国君，万民死于蛇祸，让他痛心疾首，怒火满腔！</p><p>“有必要！”姜玥指了指远处的丞相‘姜尚’，道：“叶师兄说，出生帝皇世家的弟子，到了宗门会有资源倾斜。所以，我想让我爹当云国国君，让我姜氏从此成为皇族，如此一来，我不但要你死，还要让你身败名裂！”</p><p>身败名裂，才好改朝换代！</p><p>姜尚上位称帝，她就是公主。</p><p>一个公主，在仙门会吃香，但皇后不会。</p><p>说这段话的时候，姜玥整张脸，都冰冷彻骨。</p><p>她根本不怕云逍声音太大，叶孤影来自仙门，施展一点小手段，就能让他们的对话，完全传不出去！</p><p>一个修道者，要搞死、搞臭一个凡尘国君，还不是信手拈来的事？</p><p>“云逍，从此往后，你脚下这方土地改名为姜国，受青魂剑宗庇护。你云家五百年统治到此为止，往后姜国有我这仙人坐镇，必然万代国运昌隆。你凡命太贱，认命吧！”</p><p>姜玥抱着双臂，面容更冷漠。</p><p>还没入仙路，她就已经有了叶孤影那般高高在上，不可侵犯的姿态。</p><p>云逍怒极反笑：“仙人坐镇？就你们这帮阴险、恶毒的小人，也配叫仙？”</p><p>“我笑了，你一介凡虫，也配和我探讨什么叫仙？”叶孤影嗤笑一声。</p><p>“叶师兄，多说无益，请送他上路！”姜玥冷冷道。</p><p>云逍双眼染血，眼里满是至深的鄙夷：“我云逍此生，没机会成仙，但你们一个阴毒小人，一个冷漠贱人，不过多修一道，多有一资，就仗势欺人，毒害百姓！就你们这两个下等货色，他日必惨死修行路上！我只恨今生不能亲手斩下你们头颅，以祭奠我云国万民！”</p><p>“你闭嘴！”叶孤影勃然大怒，修行之路最忌讳诅咒，他脸面阴毒怒道：“大道朝天，你不过一尘土，也配枉论仙道？”</p><p>“蜉蝣朝生暮死，尚可参天游海，我七尺之躯，堂堂正正立于天地，如何不能悟仙道？”云逍冷冽大笑。</p><p>“那你说，什么叫仙啊？你教教我？”叶孤影放声讥笑。</p><p>云逍手持长剑，踩着蛇妖尸骨，目光如火炬，心血如火山喷发。</p><p>“为生民立命，为天地立心，是为仙！”</p><p>他死死咬着牙齿！</p><p>他明知道，自己不是叶孤影的对手。</p><p>但是这一刻，他执剑盯着叶孤影，踩着蛇尸，朝着叶孤影杀去！</p><p>“斩妖除魔，福泽苍生，安天护道，是为仙！！”</p><p>云逍说完这一句，浑身暴起，剑影呼啸如千重海浪。</p><p>嗡！</p><p>一时间，万众惊呼！</p><p>“哈哈！”</p><p>叶孤影真没想到，受自己镇压，这凡人竟敢与仙神搏杀！</p><p>“我告诉你！我一剑灭杀你，这才叫仙！”</p><p>面对云逍，叶孤影只动一手指，那剑魄顿时一闪，从云逍的眉心穿了过去！</p><p>噗嗤！</p><p>云逍执剑，戛然而止。</p><p>他站着死！</p><p>直到脑后的血流淌而下，他的双眼，仍然死死盯着眼前两人。</p><p>眼中怒火，就如诅咒，永世不散！</p><p>“呵呵，你以为你云逍是主角，开局必不死，还莫欺少年穷啊？”</p><p>叶孤影嗤笑。</p><p>然而，云逍死后的眼神，仍然让他不敢直视。</p><p>此后，他和姜玥，高调离去！</p><p>云国改朝换代。</p><p>姜尚登基为帝，云逍遗臭万年！</p><p>什么叫仙？</p><p>什么是仙路！</p><p>那一剑穿过头颅后，云逍一万次问自己，也问这个世界！</p><p>人死，魂不灭！</p><p>不服！</p><p>他不服！</p><p>他云逍，无人指引，六岁修武，八岁通脉，十二岁横扫云国武道奇才，十五岁凡人无敌！</p><p>他所能争锋的世界，就这么大。</p><p>叶孤影！</p><p>他就因为生在更高的世界，如此品性之人，都能让云逍一腔热血，全部付诸东流。</p><p>“若给我机会，让我再活一世！我穷尽一切，都要登仙路！”</p><p>人死了，心念却越来越浓烈，聚着他的魂灵，飞越苍天！</p><p>“我这是要去哪里？”</p><p>残魂碎魄，飘游虚空，全世界在他眼中，似乎都在缩小。</p><p>陡然！</p><p>“那是——”</p><p>云逍回头，竟看到一个令人震撼的画面！</p><p>他眼中，自己生活了十六年的神州大地，远远望去，竟像是一座无边坟墓！</p><p>无尽江山、凡人千国、洞天福地、高山深渊……皆是坟土。</p><p>万亿活人世世代代，竟在这坟土上繁衍生息！</p><p>那坟墓中间的巨型墓碑，仙雾缭绕，高有亿万丈，如同天柱，撑天镇地！</p><p>最让云逍头皮发麻的是。</p><p>那坟墓下，有一尊巨大的太古铜棺！</p><p>巨棺悬浮星空，托起神州大地这座‘坟’，巨如沧溟，永曜乾坤，魔气滔天！</p><p>“世界为坟、太古铜棺……这是人死后的幻梦？”</p><p>云逍‘毛骨悚然’。</p><p>他根本没注意到，他的魂魄正从天而降，遁入地底，被一股恐怖的力量吞吸着，撞入这太古铜棺当中。</p><p>轰！</p><p>双耳轰鸣！</p><p>入棺那一刻，一道来自永恒太古的恢弘之音，在云逍耳边响起！</p><p>“此棺，葬天、镇狱，炼百世仙魂人魄，吞太上万极仙庭！棺生人间百万界，只修一方造化仙!”</p>', '1');
INSERT INTO `chapter` VALUES ('4', '3', '第2章 太古铜棺！', '<p>“造化仙？”</p><p>云逍窒息时刻，魂魄遁入棺内，四处黑雾缭绕，如同进入了阴曹地府。</p><p>“我屮艸芔茻……”</p><p>云逍失声惊叫。</p><p>他眼前，出现一具巨大无边的人形尸体！</p><p>“好大！”</p><p>那尸体眼如地府，口若黄泉，头发如苍龙，身体如百万山脉。</p><p>“这是何方仙神，竟长眠于此？”</p><p>他还没反应过来，这仙人尸体便产生吸力，将他的魂魄拖入体内！</p><p>嗡！</p><p>他进入这仙尸的瞬间，‘活着’的感觉，重新出现。</p><p>“我借尸还魂了！”</p><p>云逍猛然睁开双眼。</p><p>这浩瀚仙躯，让全世界都变小了。</p><p>不过！</p><p>“原来这巨型仙尸，只是一张人皮？”</p><p>云逍当场傻眼！</p><p>他体内，没有骨、血、肉、五脏六腑。</p><p>仙人皮之下，全是空的！</p><p>填充这仙人皮的，乃是无数的魔雾。</p><p>那魔雾凝结成各种古老、狰狞的异虫、毒蛇、鬼影、魑魅，它们在仙尸内横行、噬咬，发出凄厉的鬼哭狼嚎，听得云逍头皮发麻。</p><p>“是这些古棺虫蛇毒物，把这仙人尸体吃得只剩下一张皮？”</p><p>“靠！那我借仙尸还魂有卵用！”</p><p>云逍刚念到这里，这仅剩下人皮的仙尸陡然震动，那皮肤上涌起无尽闪耀符文。</p><p>铮铮！</p><p>这些令人敬畏的符号，就像是百万仙兵，在这仙人皮上驰骋。</p><p>恍惚之中，云逍听到一声声永恒的呐喊！</p><p>“造化仙，暴无道！六方祖神以三千仙界为祭，燃万亿生灵之血，终将其镇入昆仑炼狱！”</p><p>此后还有多般怒喊，然云逍早已震耳欲聋，根本听不清楚。</p><p>他只感觉到愤怒。</p><p>来自这一具仙尸的滔天之怒！</p><p>“吾负棺，生天地，创六道，造人间！功成之日，蛇虫魑魅，将吾分而食之？”</p><p>最后，云逍听到一声冷漠至深的笑。</p><p>“神州天柱消失之日，便是造化仙重铸之时！”</p><p>“尔等六方贱畜，必万劫不复……”</p><p>此声一落，这无边仙尸闪耀炽烈光芒，照耀整个铜棺。</p><p>“我的身体，在缩小？”</p><p>云逍恍惚之间，感觉这仙人皮塌陷、收缩。</p><p>眼前光芒闪耀！</p><p>无尽仙尸，最终凝结成一个直径不过八尺的光团。</p><p>嗡！</p><p>一个和之前的云逍身高、体型相仿，但容貌却完全不同的新身体，在这光芒中诞生，这新身体肤如白玉，脸部棱角分明，鼻梁高挺，眼如皓月，黑发如瀑，比从前英俊太多！</p><p>“我云逍，真的活了！”</p><p>无尽仙人皮，凝结成了一身骨、肉、血、五脏六腑。</p><p>虽不大，但完整！</p><p>他低头看着全新的身体，这修长的手指、雪白的皮肤……</p><p>他陡然一慌，伸手往下一掏。</p><p>“还是男的！肌肉还大了不少。”</p><p>他松了一口气，开始琢磨自己这新身体。</p><p>“我的丹田，元气没了？”曾经的云逍，修炼到了武道圆满境。而如今这全新身体，更像是一块完美的、未经雕琢的美玉。</p><p>“虽然需要从零开始修炼，但起码我还活着……”</p><p>忽然！</p><p>诸多恐怖气息降临。</p><p>“那是——！”</p><p>他瞪大眼睛，再度毛骨悚然。</p><p>视线尽头，并排有十座庞然大物！</p><p>“棺中棺？”</p><p>没错！</p><p>这些厚重、古老的巨物，乃是十尊棺中棺。</p><p>一棺，如一座陆地！</p><p>十尊小铜棺，分别有十种颜色。其中，最靠近云逍的第一尊苍白色小铜棺，其上刻有两个无边大字。</p><p>葬天！</p><p>这两个大字，就像是用青色的血写下的，每一笔一划，于云逍而言，都是浩瀚江河！</p><p>轰轰轰！</p><p>就在下一刻，那名为‘葬天’的苍白色小铜棺猛然颤动，竟在云逍眼前炸开、湮灭。</p><p>云逍瞬息就被汹涌的青光吞没。</p><p>棺灭后，一朵青色莲花自棺中诞生，染青云逍的视界！</p><p>“好大的花……”云逍心惊肉跳。</p><p>嗡！</p><p>那青色莲花冲上天空，云逍感觉自己的魂魄都被吸了出去，跟着这青色莲花冲出太古铜棺，飞掠过无尽尘土。</p><p>眼前豁然开朗！</p><p>恍惚之间，云逍好像看到了神州大坟的墓碑。</p><p>它仙雾缭绕，撑天镇地……</p><p>他亲眼看到，那青色莲花撞入那墓碑中，将墓碑染成了青色。</p><p>青莲、墓碑，二合一。</p><p>化作一道通天彻地的青色巨剑！</p><p>一剑，通天镇狱！</p><p>嗡！</p><p>云逍魂回人身，晕头转向，他低头一看，耀眼的青光笼罩全身。这璞玉般的新身体，好像产生了一些新变化！</p><p>“这是……”云逍伸出右手手掌。</p><p>一道三寸长的青色荧光剑自掌中凝聚！</p><p>“我有剑魄了！”他定睛看着这青色剑魄。</p><p>只见这剑魄中央，有一朵青色的莲花！</p><p>只不过是一个花蕾。</p><p>“那葬天小铜棺生的青莲，以及外面的巨型墓碑，和我这剑魄有关系？”云逍脑子一片空白，往远处看去，“这太古铜棺内，还有九尊小铜棺，它们里面又埋葬着什么？”</p><p>光是第二尊紫色巍峨铜棺，其流露出的太古阴寒气息，都让他产生来自魂魄的本能恐惧。</p><p>这第二尊小铜棺，名为‘镇狱’！</p><p>轰轰轰！</p><p>云逍看向它的时候，它似乎有感应，发出颤动轰鸣，好似一头万丈高的凶残古兽，死死盯着云逍。</p><p>“你也能变成我的剑魄？”云逍挑眉。</p><p>那紫色小棺仿佛听得懂他的话，竟万分不爽。</p><p>轰！</p><p>它陡然移动，轰然撞向云逍。以它的体量……相当于十万大山，来撞一只蚊子！</p><p>“靠……？”云逍被撞中后，他顿感天旋地转，当场晕了过去。</p><p>昏迷前，他只有一个念想。</p><p>“我到底是借仙尸还魂重生，还是魂飞魄散时候，做了一场荒唐大梦啊？”</p><p>梦里，有世界为坟、有太古铜棺，有造化仙，有青色莲花和巨型墓碑，有十尊神秘小铜棺……</p><p>嚇嚇！</p><p>不知过去多久。</p><p>云逍，陡然醒来！</p><p>映入眼帘的，竟是黑夜的天空，繁星点点。</p><p>“这里是云国？皇城附近！”</p><p>云国皇城，就在眼前。</p><p>“我真的重生了……”他在旁边的水潭里，看到了全新的自己，“我的修行天赋，何止暴增十倍？而且，光是血肉的力量，竟然和我之前武道圆满境的力量，相差无几！”</p><p>他尝试一拳，打在一棵直径一尺有余的大树上。那大树竟然应声而倒！</p><p>“最重要的是，我也有剑魄了……”他凝神之间，一枚青色剑魄自指骨出现，出现在手中，“姜玥的冰月剑魄，是开阳级，那我这是什么级别？”</p><p>云逍忽然想起一件事，连忙看向北方。</p><p>“神州天柱，没了？”</p><p>神州大地中央，有一擎天巨柱，据说它上接无尽仙域，下通九冥地狱，撑起了无数凡尘人间。自古以来，这神州天柱都是生命禁地，方圆千里寸草不生，谁去谁死。曾有通天修道者御剑飞天，去找这神州天柱的尽头，亦都一去不回。</p><p>整个神州，不管在任何地界，只要抬头都能看见那神州天柱，可见它巨大到何种程度。而此刻，神州地震，苍天烟云翻滚，那自神州诞生至今就存在的擎天巨柱，竟然消失不见！</p><p>云逍刚刚醒来，便听到皇城那边喊声震天。显然，此刻整个神州大地，都在讨论天柱消失的事！</p><p>“那神州天柱，应该就是我看到的那一尊墓碑！所以说，那小铜棺的青色莲花，和神州天柱，真的一起构成了我的剑魄？”云逍内心震动，“应该不可能！不然的话，这剑魄威力，该有多大？”</p><p>他暂时并没感觉，手中这剑魄威力夸张到什么程度。</p><p>这剑魄，看起来也很普通……</p><p>当然，剑魄的威力，很大程度取决于自身元气，云逍现在的丹田空空如也。而且他记得，那剑魄内的青莲，只是一个花蕾，应该是初生态！</p><p>“既然是从那‘葬天’的小铜棺出现的，就叫你‘葬天剑魄’吧！”他站在原地，看着剑魄，眼中生出万丈道念。</p><p>有剑魄，可以修道了！</p><p>“谁把我送回云国的？”他心有所感，低头一看。脚下，出现了一个黑色的青铜小方砖。</p><p>云逍将其捡了起来，定睛一看：“这就是那太古铜棺，缩这么小了？”</p><p>那里面还有九尊棺中棺，岂不是更小？</p><p>“我能回云国，估计和此棺有关系。这铜棺没了，神州大地竟然没塌陷，真够神奇的……”他懒得多想了，直接把这青铜小方砖收入怀里，“这板砖如此刚硬，也是一件趁手兵器！”</p><p>他并没发现，那铜棺的棺盖上，好像有两只幽幽眼睛，忽然眨了一下。</p><p>云逍遥望夜空很久，心才彻底安宁了下来。</p><p>安宁之后。</p><p>涌入脑海的，自然是自己冤死的血海深仇！</p><p>“叶孤影、姜玥，我云逍重活一世，必取你们狗命！”云逍的目光，逐渐森冷，看向皇城，“你们两个贱人回青魂剑宗，留下姜氏夺我家国是吧？”</p><p>夜晚，他站在城墙上，望向皇宫的方向。</p><p>那边灯火通明，喜庆震天。</p><p>新皇登基！</p><p>姜氏一族，出了‘仙人’，降服全国，飘上天了。</p><p>“上万百姓尸血未干，你们姜氏却踩着百姓尸骨，庆祝姜国开辟！”云逍那一双深邃的眼眸，陡然爆发出属于这身躯血脉深处深藏的杀念！</p><p>“姜尚，你丞相称帝，龙椅坐得舒服么？”</p><p>云逍捏着剑魄，一人一剑，直接杀入皇城。</p><p>皇城内！</p><p>姜玥的父母、叔伯、兄弟姐妹，正聚在一起！</p><p>一门共三十三人。</p><p>人丁兴旺！</p><p>姜尚在登基之后，再办一场庆功家宴。他摇身一变，从丞相变成姜国国君，正是意气风发之时。</p><p>“神州天柱竟然消失了，真是千古奇闻啊！”</p><p>这事，他们已经讨论半天了。</p><p>而今酒过三巡，身穿龙袍姜尚喝得满面通红，站起来道：“今日之后，我们姜氏皇族稳坐江山，有我女儿成仙，四方诸国宵小，必定俯首称臣。我们可举兵出征，扩张国土！”</p><p>“对！云氏干不成的，我们干！我们名垂青史！”姜玥的叔叔姜淮道。</p><p>“可笑那前朝先帝，只娶一妻、只生一儿，夫妻还早早离世，留下云逍一人，这样传承皇室血脉，不就是等着让人杀绝户吗？”姜尚大笑。</p><p>“父皇威武！”众人皆笑。</p><p>砰！</p><p>就在这时，一个身穿白袍的少年从院墙上跳了下来。</p><p>“谁？”</p><p>姜氏一族的笑声，戛然而止。</p><p>“护卫！”</p><p>姜玥的兄长‘姜阳’豁然站立起来，抽出佩剑。</p><p>“有刺客！”</p><p>庭院顿时动乱。</p><p>不过，姜尚那一帮人，还是坐得稳稳的，面不改色，继续谈笑。</p><p>“这是哪位云氏旧部？”</p><p>“都这时候了，还有傻子来送死？”</p><p>他们谈笑几句后，云逍已经杀到他们眼前，然而，外面的护卫却还没现身。</p><p>这帮人这才意识到不对！</p><p>外面护卫，都已经躺下了。</p><p>不过，他们也不至于慌神，毕竟姜氏敢当皇族，一门武道高手无数，包括姜尚本人，就是云国第二高手，仅次于云逍。</p><p>“姜阳，拿下这逆贼！”姜尚面色一冷喝道。</p><p>“先别杀死，查他身份，诛他九族！”姜玥的母亲冷声道。</p><p>这是要杀鸡儆猴，趁机威慑全国。</p><p>“是！”姜阳看向云逍，嗤笑一声，“活着不好吗？非得找死！来，我先让你三招……”</p><p>姜阳话音刚落下，一道白影已经杀到其眼前！</p><p>云逍已动手！</p><p>咔！</p><p>他右手快如雷霆，一拳轰在姜阳的肋骨上。</p><p>姜阳肋骨断裂，刺入内脏，右肋直接凹陷下去一个拳印！</p><p>“啊！”</p><p>他眼睛凸起，喷出一口血，软软倒在了云逍脚下。</p><p>“你偷袭！不讲武德……”</p><p>姜阳当场抽搐身亡！</p><p>他在人生最得意的时候，陡然惨死，眼神万分错愕。</p><p>叮！</p><p>云逍看都没看他一眼，就接过了他手里的长剑！</p><p>“他第一个上黄泉路，接下来轮到谁？”</p><p>他眼眸横扫眼前姜氏众人，森冷笑声顿时让在场所有人，豁然站立起来，内心巨颤！</p><p>“阳儿！”</p><p>刚立的太子，一招就死了！</p><p>姜尚、姜母等人，顿时目眦尽裂。</p><p>一场庆功家宴，血溅当场！</p><p>“诛杀此人！！”</p><p>姜尚将手里酒杯砸在地上，怒目狂吼。</p><p>姜氏一族尚武！</p><p>此刻不管男女，全部抽出兵刃，将云逍包围起来。</p><p>有人准备动手，亦有人高声呼叫禁卫军！</p><p>“一家人三十三口，挺齐整？”</p><p>云逍冷笑一声，直接杀入人群，</p><p>手起剑落，如一道白色杀神幻影！</p><p>噗噗噗！</p><p>长剑所向，穿喉而过！</p><p>包括那姜淮，喉咙上都出现了一个血窟窿。</p><p>“啊！”</p><p>姜氏众人一看，连姜淮这曾经的云国大将军都被一剑诛灭，顿时惊慌惨叫。</p><p>直到这时候，他们才惊魂变色！</p><p>“快走！”</p><p>姜尚虎目圆瞪，对云逍道：“阁下到底是何方高手？你可知我女儿姜玥乃是青魂剑仙，若是她知道你这凶行，你十条命都不够死！”</p><p>“我知道，我杀的就是她全家！”</p>', '2');
INSERT INTO `chapter` VALUES ('5', '3', '第3章 杀上青魂剑宗！', '<div id=\"mainContainer\"><div><div><p>杀她全家？</p><p>云逍这一句话，就已经让剩下三十几个姜氏之人，全部头皮发麻！</p><p>“逃！”姜尚没等来护卫，内心惊惧之下，他怒吼一声，自己也吓得转身逃离。</p><p>“啊！啊！”</p><p>姜氏男女老少，一个个双腿发软，连滚带爬，方才还踩在上万百姓尸骨上狂欢的他们，现在魂飞魄散，凄惨哭嚎！</p><p>甭管他们跑得多快，背后那少年的剑，总是能如幽灵一样瞬息到达。</p><p>噗噗！</p><p>一剑入后心，瞬息从胸口穿了出去！</p><p>“呃……”姜玥的叔伯、兄弟姐妹，一个个在逃窜当中砸在地上，吐血挺尸，当场惨死！</p><p>“三弟！权儿！”姜尚回头一看，他这刚刚还想传承万代的‘姜氏皇族’，转眼之间死得只剩下他们夫妻二人。</p><p>“你挡一挡！我去找玥儿！”姜尚情急之下，把结发妻子往追来的云逍身上一推。</p><p>然而，他还没跑出两步，便愕然看到自己妻子的人头，已经飞到了他前面去！</p><p>“呃呃呃……”姜尚心脏狂颤，面如土色。</p><p>噗通！</p><p>姜尚直接回身跪在地上，磕头哭嚎道：“大人开恩！若留我一条狗命，我必将姜国所有财富，都送给大人！”</p><p>话音刚落下，那一剑还是无情杀来，瞬息挑断姜尚手筋、腿筋，让他当场惨叫着瘫倒在地上！</p><p>呼啦！</p><p>云逍握住了姜尚的脖子，将这穿着龙袍的‘丞相’给提了起来。</p><p>姜尚对上了他的眼神，顿时毛骨悚然！</p><p>“姜尚，你女儿有剑魄是吗？那你看看，这是什么？”云逍右手上，一道青色剑魄凝聚而出。</p><p>“剑魄！你是有剑魄的剑仙奇才！”姜尚更加绝望，他凄怆大哭道：“为什么！为什么！我姜氏如何得罪你，你要灭我满门！”</p><p>“你穿了我的龙袍，不认识我？”云逍道。</p><p>“龙袍？你是……云逍？不可能，你不长这样！”姜尚陡然放大瞳孔，像是见着了世间最大的恐怖。</p><p>“我借仙尸还魂重生了，你信么？”云逍冷笑道。</p><p>“重生？！”姜尚一脸惨然，七窍流血，舌头打颤。</p><p>他相信了！</p><p>这白衣少年，真是白天死去的云国国君！</p><p>“今日，就用你试一下我这剑魄的威力。”云逍一脸漠然，捏着那青色剑魄，刺入姜尚血肉半寸！</p><p>滋滋！</p><p>他发现，姜尚脖子上的血肉，化作一阵阵血雾，被青色剑魄吞吸而来，直接溃烂大一片！</p><p>“这葬天剑魄，看似平平无奇、绿意盎然，其实是极致的死亡力量啊，它的存在，就是掠夺一切生机。”</p><p>“不管是动物还是植物，在它面前，只有死路！”</p><p>这和那传闻中生人勿近的神州天柱，明显一致。</p><p>“云逍，就算你死而重生，我女儿有剑魄，必再灭你！”姜尚痛苦惨叫着，如同坠入死亡地狱，那手脚都在颤抖、挣扎，声音里有着令人窒息的恐惧。</p><p>“灭我？”云逍凑到了他的耳边，冷厉一笑，道：“杀了你后，我就去青魂剑宗，把今日你承受的一切，再送给她和叶孤影！”</p><p>噗嗤！</p><p>葬天剑魄，彻底刺入姜尚的咽喉。</p><p>滋滋滋！</p><p>姜尚在凄绝的惨叫当中，一身血肉腐烂，被葬天剑魄疯狂吸收，最终化作黑色浓雾，在云逍手里骤然消散。</p><p>自此，姜氏，满门灭绝！</p><p>“云国！”</p><p>站在皇城城墙上，云逍看着这座祖辈建造了五百年的城池。</p><p>今日，他虽然灭了姜氏，但是他并不打算留在这。</p><p>“这片国土，有了青魂剑宗庇护，就算姜氏灭门，你们劳苦百姓，应当还有稳定生活。”</p><p>“白天，你们说我不敬鬼神，乃云国之祸，我不怪你们，你们眼界有限，作为国君，生民愚昧，是我的责任！”</p><p>“但是——”</p><p>“不久后，我会将姜玥、叶孤影的人头，从青魂剑宗带回来，那时候再告诉你们，今天的蛇妖，不是我云逍养的！”</p><p>“我云逍，顶天立地，只杀贱人，不害苍生！”</p><p>说完，他跳下皇城，往北方绝尘而去。</p><p>三个月后！</p><p>云逍在苍云之中，望着前方巍峨宗门。</p><p>青魂剑宗，到了。</p><p>“这就是仙道宗门，屹立在凡尘之上，如同天宫。”</p><p>他隐约听到前方有人大喊。</p><p>“登上‘天路’，便可入青魂剑宗，来者尽快入列。”</p><p>登天路！</p><p>云逍在来的路上，已经打听清楚，那天路上有诸多考验，唯天资聪颖、实力超群者，才有可能登上天路，成为青魂剑宗弟子。</p><p>上山后！</p><p>云逍陡然双眼一眯。</p><p>在那试炼的人群中，他似乎看到了‘姜玥’的身影！</p><p>“姜玥，你也得登天路？”云逍眼神冰冷，“你是想靠开阳级剑魄，在天路上一鸣惊人，以天骄身份进入青魂剑宗？”</p><p>他换了身体，不主动揭晓，姜玥就得和她爹一样，死前才能知道他是谁！</p><p>“我虽重生，却无修炼道法，欲杀你和叶孤影，我必入青魂剑宗修道，登入龙泉境。”</p><p>云逍森严看着那人群中的少女，目中风暴卷动。</p><p>“不过！今日在这登天路上，我就得送你一场噩梦了，姜玥。”</p><p>那姜玥双手抱臂，孤高冷傲，根本不知杀了她全家的梦魇，已在身边。</p><p>“都听着！”</p><p>这时，一红裙女人摇曳走出！</p><p>她肤如凝脂，面似桃花，身材袅袅婷婷，虽高贵典雅，但在众人面前，面若冰霜，十分冷艳。</p><p>“登天路的考验规则很简单、也很公平。前十个登上天路之人，可成青魂剑修，从此逍遥天地！其余人等，滚。”红裙女人说话之间，霜眸扫视。</p><p>上百个在凡尘国内的‘武道天才’，在她的目光下，不敢直视，噤若寒蝉。</p><p>“你们这一届，是百年难遇的幸运儿！”她又道。</p><p>“姚长老，何出此言？”人群中，一个小少年问。他身穿一身金袍，挂有不少珠宝首饰，一看出身不低。</p><p>那美艳女人见了他，冷漠面容忽然舒展，竟轻柔一笑：“因为，前三位登上天路的青魂弟子，有重赏！其中第三名，赏百年妖骨，第二名赏两百年妖骨，而第一名……”</p><p>她眼中生出一丝艳羡之色，提高了音调。</p><p>“赏，五百年妖骨！”</p><p>话音刚落，人群沸腾。</p><p>“以前登天路，不是只有第一名才有奖励，而且也只是百年妖骨吗？为什么忽然提升奖励？”年轻人们目光火热，窃窃私语。</p><p>据说，世间妖魔一生都在吸收灵气锻造骨骸，剑修若将其妖骨炼化入剑魄，可凝聚出‘剑罡’。</p><p>剑魄的品阶，比如姜玥冰月剑魄的开阳级，决定的是剑魄的‘血脉’，那是极难改变，提升的。而剑魄的剑罡，可以通过炼化妖骨提升！</p><p>剑罡层数越高，剑魄越是刚硬、凶猛。</p><p>“肃静！一刻钟后，天路开启！”姚长老宣布。</p><p>众人闻言禁声，不由紧张起来，心脏狂跳。</p><p>“姜玥，叶孤傲，你俩跟我来。”姚长老说了一声，轻扭细腰，转身进了一片枫林。</p><p>人群中，有两人跟了上去，一个是刚才问话的金袍小少年。</p><p>另一个，是姜玥！</p><p>她今日身穿一身雪白剑袍，衣上绣有烟云，长发扎成一束，多了几分雅致。</p><p>前方枫树下，一个黑发白眉的清冷男子背对着他们。</p><p>正是叶孤影！</p><p>“叶剑王，我是安排你弟弟登顶第一呢，还是这位姜玥姑娘？”姚长老见了他后，脸上的冰霜如同被风吹走，取而代之的是柔美的笑颜。</p><p>“她，第一。”　叶孤影指向姜玥。</p><p>“啊？”姚长老红唇微张，面色哑然。</p><p>那小少年，可是这叶孤影的亲弟弟，名为‘叶孤傲’。他天生‘摇光级’剑魄，十岁开元，十三岁突破凡人武境，正式修道。</p><p>叶剑王自掏腰包拿出重赏‘五百年妖骨’，竟不给亲弟弟，反而奖励给一个不知名少女？</p><p>“她的剑魄是开阳级！”叶孤影看着姜玥，目光柔和了三分。</p><p>姜玥迎着他的目光，微微低眉，面微红。</p><p>“什么？”姚长老目光震撼看着姜玥，红唇微颤，“姜姑娘，天纵之资，前途无量，叫人羡慕。”</p><p>“日后还需姚长老，多多提携。”姜玥很有礼貌。</p><p>高山、飞云、剑修御天！</p><p>这，就是她梦中的仙道。</p><p>她来了。</p><p>今天，是她最重要的一天。</p><p>在叶孤影的指引下，她苦修了三个月。</p><p>只等今日，一鸣惊人！</p><p>“姜玥，我哥为了让你登天路名利双收，引起轰动，把五百年妖骨都回赠给宗门，他对你真好！”就在这时，旁边那小少年叶孤傲有些不爽的说了一句。</p><p>“闭嘴。”叶孤影瞪了他一眼。</p><p>叶孤傲连忙缩头。</p><p>“玥儿多谢叶师兄厚爱。”姜玥满怀感动。</p><p>“第一让给她，第二我稳拿。姚长老，你欣赏便是，不用出手。”叶孤傲道。</p><p>“话别说得太满，这次登天路，与你一样开了‘龙泉’的，一共有十八人。你若给我丢人现眼，一辈子别来青魂。”叶孤影沉声道。</p><p>“知道了。”叶孤傲低头，握紧双拳，更想证明自己了。</p><p>龙泉境！</p><p>这是正式修道的第一个境界。</p><p>叶孤傲有哥哥先一步给道法，早早便破了武道圆满，登入龙泉境。姜玥这三个月，有叶孤影赐予资源，为其启蒙修道，同样踏入龙泉境。</p><p>说到这里。</p><p>登天路，要开始了。</p><p>“叶剑王，可是要去那万剑海，继承‘青鸢’？”姚长老声音微颤，仰望叶孤影。</p><p>“嗯。”叶孤影点头，目中有风暴。那是他渴求了二十年的执念。</p><p>“若能成功，青魂剑宗万千剑修，都将以你叶孤影为荣！”姚长老深吸一口气，眼神满是崇敬、赞叹。</p><p>二十岁的封号剑王！</p><p>他叶孤影在青魂剑宗弟子们心目中，就是神一样的存在。</p><p>还要登临万剑海，挑战极限！</p><p>除了跪舔，姚清浅别无选择。</p><p>“准备登天路。”</p><p>她带着姜玥、叶孤傲重回人群。</p><p>等他们回到队伍内的时候，外面上百年轻人，已经准备完毕。他们都知道，叶孤傲是‘关系户’，所以心生敬畏，不敢靠近，更不敢招惹。</p><p>回来后，姜玥目光清冷，站在边侧。</p><p>这群所谓武道天才，都入不了她的法眼。</p><p>忽然！</p><p>她发现身后有个少年，一身白衣。</p><p>“世间，竟有长得如此神俊的男子？”姜玥内心微动。</p><p>这少年，气度太卓越了。</p><p>他站在角落，却让上百人黯然失色。</p><p>一身白衣，好似不是凡间人。</p><p>而是红尘仙。</p><p>姜玥鬼使神差，走到云逍身边，忍不住问：“你，叫什么名字？”</p></div></div></div><div id=\"__reading__mode__content_end_mark_container_id\"><br></div>', '3');
INSERT INTO `chapter` VALUES ('6', '3', '第4章 造化种！', '<div id=\"mainContainer\"><div><div><p>“云逍。”少年目光冷淡看着她。</p><p>“该不会是逍遥的逍吧？”姜玥有些反胃，用开玩笑的语气说道。</p><p>“不巧，正是。”云逍点头。</p><p>“……好名字。”姜玥感觉像是吃了苍蝇，她意兴阑珊，回到叶孤傲旁边。</p><p>果然，世上同名者无数，云逍借仙尸还魂，换了身体，她认不出他了。</p><p>“你对他有兴趣？”叶孤傲瞟了云逍一眼。</p><p>“别胡说！”姜玥冷淡道。</p><p>“你眼光真差，这人一看就是银枪蜡头，还没我哥十分之一帅！”叶孤傲满目鄙夷。</p><p>“我就随口问一句，你别什么人都拿来和你哥比！”姜玥无语道。</p><p>“我知道你舔我哥，不用生气，我开个玩笑。”叶孤傲耸耸肩，再看云逍，心里暗暗道：大爷的，真特么俊！</p><p>他已经注意到，周围起码百分之九十的姑娘，都在偷偷看云逍。</p><p>此颜只该天上有！</p><p>人间哪得几会闻？</p><p>这世上，因为长得好看被围观的，向来都只有倾城美人。</p><p>云逍是独例。</p><p>没办法，这是造化仙的皮囊。</p><p>“定是个软骨头，一会儿要让我碰上，我用金星剑魄，让他领会一下什么叫做刚硬！”叶孤傲阴笑。</p><p>这时，姚长老宣布，登天路正式开始！</p><p>上百年轻人，热火朝天，争先恐后，冲上天路。</p><p>姜玥没多说，便绝尘上山。</p><p>云逍抬头一看，那天路上一片黑雾、树影重重，正是绝佳的战斗之地！</p><p>“姜玥，你家三十三口正在阴曹地府向你挥手！”他眼中闪动一抹凶光，追了进去。</p><p>遁入山林！</p><p>很快，周围都是缭绕的雾气。</p><p>云逍正要追人。</p><p>忽然！</p><p>他的胸口，好像有活物在颤动。</p><p>“什么东西？”云逍一惊。</p><p>他怀里，只有一青铜棺材大板砖。</p><p>哪里来的活物？</p><p>而且，还是毛茸茸的！</p><p>他还没反应过来，一个急躁、粗糙、沙哑的声音，就从怀里响起。</p><p>“阿道，宝宝要喝奶奶！”</p><p>宝宝？</p><p>喝奶奶？</p><p>云逍连忙往胸口一掏。</p><p>他抓了一个软绵绵的东西，拎了出来。</p><p>“？？？”</p><p>这竟是一只小兽！</p><p>它浑身乌黑绒毛，似猫非猫、似狗非狗，头顶上长着两只小角，一双幽蓝色的大眼睛璀璨如星空。</p><p>“你，什么玩意？”云逍掐住它的后颈。</p><p>“老子是你大爹！”那小黑兽爪子乱蹬，双眼瞪着云逍。它声音奶声奶气的，言语却很嚣张。</p><p>“不对……”云逍分明记得，刚才一句‘宝宝要喝奶’，声音是粗糙、沙哑的啊？</p><p>眼前这小兽萌出血！</p><p>这时，小黑兽说着低下头，对着自己的胸口处喊：“赤月，出来！”</p><p>“赤月？”云逍往它胸口一看。</p><p>恐怖一幕出现了。</p><p>撕拉！</p><p>这小黑兽的胸口，陡然咧开一张满是尖牙的血盆大口。</p><p>毛发中还有一双猩红双眼！</p><p>“阿道，宝宝是你二爹！”</p><p>血盆大口中飚出一条满是倒刺的长舌！</p><p>“我艹！”</p><p>云逍呆立当场。</p><p>“这才是那个粗糙的声音！”</p><p>说宝宝要喝奶的那个！</p><p>一只兽，两张脸？</p><p>一张在头上。</p><p>一张在胸口？</p><p>头上那张脸，有湛蓝色眼睛，很萌，言语嚣张，自称老子？</p><p>胸口这血盆大口和猩红双眼，大而凶残，自称宝宝？</p><p>“什么鬼！”</p><p>还大爹二爹？</p><p>他还没回神，小兽胸口那大眼睛就放光，朝着他扑来。</p><p>“奶！”</p><p>“滚，我是男的，没奶！”</p><p>云逍连忙按住它。</p><p>开玩笑！</p><p>就算是男人，被这血盆大口啃一顿，不得一胸血？</p><p>“它叫赤月，你呢？”云逍瞪眼看这小黑兽的头。</p><p>“蓝星！”它头上的脸道。</p><p>它眼睛如湛蓝星海，估计这是‘蓝星’之名的来源。</p><p>而小兽胸口那血盆大口，如一轮赤色弯月，故有‘赤月’之名。</p><p>“简而言之，他们两个意识，控制一个身体？”云逍心里恍然。</p><p>实际上，把它们理解成‘双头兽’就行了。</p><p>“所以说，你们是那铜棺！你是棺盖，它是棺身？”云逍震撼问。</p><p>“看不出来，你还有点智商？”蓝星呵呵道。</p><p>“……”</p><p>云逍看着它们，实在想象不到，那托起浩瀚人间的太古铜棺，竟然成了眼前这一只小黑兽！</p><p>“那你为何喊我‘阿道’？”云逍疑惑问。</p><p>“阿道，就是道，就是造化仙，就是你！”蓝星湛蓝双眼，审视着他。</p><p>“对，造化仙，咔嚓，咔嚓！”赤月实在找不到奶，只能蹲着吃树根解馋。</p><p>“什么是造化仙？”云逍再问。</p><p>“给宝宝喂奶的人。”赤月鼓着腮帮抢答。</p><p>“你别插嘴！”蓝星伸出粉嫩兽爪，拍在自己胸口血腥大眼上，然后对云逍嚷嚷道，“阿道，走，抓‘造化种’去！”</p><p>“造化种？”云逍表示没听过。</p><p>“你重生后，前世记忆，忘光了？”蓝星瞪眼问。</p><p>“忘了。”</p><p>云逍知道，他不是转世重生！</p><p>他一介凡人，死后的魂魄，靠一具无法理解的太古仙尸‘借尸还魂’了。</p><p>“你前世，被六个卑鄙贱畜，给阴了。”蓝星咬牙道。</p><p>“六方祖神？”云逍想起了他借尸还魂时，那数声震天撼地的宣告。</p><p>造化仙，暴无道？</p><p>“对！就是这六方贱畜，将创世后耗尽一切，进入沉睡期的你，推入昆仑炼狱，以万重炼狱仙火煅烧，将你一身的造化血、骨、肉、丹、魂炼化，化作‘造化雨’，洒落道境无数仙域、人间！”</p><p>“他们六个，沐浴造化雨，将你……分而食之！”</p><p>蓝星眼里冒烟！</p><p>“我靠？那这造化仙确实好惨！”云逍哑然道。</p><p>“你是不是傻？”蓝星无语瞪他。</p><p>“阿道，你就是造化仙，惨的人是你……嘻嘻！”赤月咧开血盆大口，捧腹大笑。</p><p>云逍愣住。</p><p>他想说，我就只是借仙尸，还个魂……</p><p>“阿道！我接下来要说的，才是最重要的！”蓝星死死盯着他。</p><p>“你说。”云逍点头。</p><p>“你要重铸造化仙，杀回昆仑炼狱！”</p><p>“只剩人皮，还能重铸？”云逍心里一震。</p><p>说起这，他就来劲了。</p><p>他想活下去，活得好！</p><p>“当然能！只需寻找‘造化种’，夺回你的道体。”蓝星冷声道。</p><p>“造化种？”</p><p>“你造化仙之身，被昆仑炼狱煅烧亿年，在整个道境下了无尽造化雨。那些吸收了造化雨，觉醒各种骨、血、肉、魂、丹天赋的生灵，都是造化种。”</p><p>“这些造化种，等于和六方祖神一起，参与了分尸造化仙！”</p><p>蓝星恨恨道。</p><p>一个造化仙，烧了一亿年的造化雨？</p><p>“这也太狠了！”</p><p>连凡尘的生灵，淋个雨，都分到了一杯羹？</p><p>云逍忽然想起来了。</p><p>这神州大地，确实有‘神仙雨’的传说！</p><p>据说历史上，有无数的人，幸运淋到了神仙雨，觉醒诸多神妙天赋。</p><p>甚至一日之间，就从废物成就天才！</p><p>“原来这些幸运儿，都是造化种。”</p><p>可见，全盛的造化仙，何等恐怖？</p><p>云逍忍不住问：“夺回造化种天赋，我就能逐渐把这人皮给填上？”</p><p>“对！六方祖神，当初吃你最狠，他们是最大的造化种！”蓝星双眼一眯，“不过，你现在薄弱到极致，只能从凡尘的造化种开始。”</p><p>“造化种，多吗？”云逍问。</p><p>“多！到处都是！刚才那个‘叶孤傲’，他就是造化种！”</p><p>“他的丹田呈金色，能稳固更强的龙泉法力，这使得他比同境界修炼者，法力更强……这，就是继承了造化仙‘丹天赋’的造化种。”</p><p>骨、血、魂、肉、丹。</p><p>其中丹，指的是窍穴、丹田等等孕养元气、法力之地。</p><p>还有造化骨、造化血等等。</p><p>“叶孤傲是造化种？”云逍惊讶。</p><p>“不只如此，他兄长‘叶孤影’，丹田里有两处力量结构，这是‘双生丹田’，法力达到同境界修炼者的两倍。他这造化种天赋，比他弟弟，高得多！”</p><p>“阿道，你要重铸造化仙，只能从丹田开始，他们兄弟对你的崛起之路极其关键。”</p><p>“别看你曾经是造化仙，现在，你就是一个道境最底层的残废！”</p><p>本质上，他是一张仙人皮！</p><p>听蓝星说到这里，云逍的双眼，变得灼热了起来。</p><p>金色丹田？</p><p>双生丹田？</p><p>所有造化种的天赋，都源自一场世世代代、洒落道境无尽凡尘仙域的造化雨？</p><p>造化种的尽头，是六方祖神！</p><p>这一条通天路，要一路踩着他们，才能重铸造化仙……</p><p>“叶孤影是更强的造化种？”云逍眼中透出至深的冷意。</p><p>六方祖神太过缥缈，他毫无概念，但是说起叶孤影，他勃然火起。</p><p>“明白了吗？”蓝星期望的看着他。</p><p>“明白了。”云逍点头，“曾经有人要教我认识仙路，我来青魂剑宗，就为斩他头颅。因此，我比你想象之中更渴望强大！但是有一点，我必须要和你说清楚。”</p><p>“你说。”蓝星抬头。</p><p>“我不是阿道。我叫云逍。”他凝视蓝星双眼。</p><p>他，只是一个莫名其妙借仙尸还魂，死而重生的幸运儿！</p><p>“没关系。”蓝星咧嘴一笑，“老子说你是，你就是。”</p><p>云逍：“……”</p><p>沉默一会儿。</p><p>“阿道！”蓝星忽然大声喊了一句，双目轻颤。</p><p>“嗯？”</p><p>“亿万年已过，沧海桑田，物是人非，老子……想你了。”它说着，晶莹的双眼里，泪光涌动。</p><p>“俺也一样！”赤月哭嚎着，血盆大口却还在咔咔吃石头。</p><p>云逍莞尔。</p><p>不知为何，虽是第一次见它们，他内心深处真情涌动。</p><p>正想说点深情的话，赤月忽然激动起来！</p><p>它大声嚷嚷：“前方有奶！阿道，快去！！”</p><p>云逍听到了，确实有动静！</p><p>他穿过一片肃杀的枫林，快步往前。</p><p>正值深秋，落叶遍地。</p><p>云逍往前看去——</p><p>一个青衣女子凄惶跪在枫叶堆里，身躯发抖。</p><p>其长裤破裂，玉腿上有一道深可见骨的剑伤，鲜血淋漓。</p><p>少女面前，站着一个金袍少年。</p><p>那金袍少年，一脸戏谑，洋洋得意。</p><p>“叶孤傲，放过我吧！”女子凄惶哭道。</p><p>“放过你？饿狼岂会放过小白兔？”叶孤傲狞笑一声，当即扑了过去。</p><p>“不可以！这是登天路……”青衣女子一脸恐惧，呜呜痛哭。</p><p>然而她身上有血痕，剧痛入骨，根本反抗不了这狂暴的小猛兽……</p></div></div></div><div id=\"__reading__mode__content_end_mark_container_id\"><br></div>', '4');

-- ----------------------------
-- Table structure for comment
-- ----------------------------
DROP TABLE IF EXISTS `comment`;
CREATE TABLE `comment` (
  `id` int unsigned NOT NULL AUTO_INCREMENT,
  `book_id` int unsigned NOT NULL,
  `chapter_id` int unsigned NOT NULL,
  `member_id` int unsigned NOT NULL,
  `comment_desc` varchar(255) DEFAULT NULL COMMENT '评论内容',
  `comment_like` int NOT NULL DEFAULT '0' COMMENT '评论点赞 ',
  PRIMARY KEY (`id`),
  KEY `idx` (`member_id`) USING BTREE,
  KEY `ixs_book` (`book_id`,`chapter_id`) USING BTREE
) ENGINE=InnoDB AUTO_INCREMENT=2 DEFAULT CHARSET=utf8mb4 COLLATE=utf8mb4_0900_ai_ci COMMENT='书籍评论列表';

-- ----------------------------
-- Records of comment
-- ----------------------------
INSERT INTO `comment` VALUES ('1', '1', '1', '1', '为什么这么利好 主角光环太严重了', '0');

-- ----------------------------
-- Table structure for feedback
-- ----------------------------
DROP TABLE IF EXISTS `feedback`;
CREATE TABLE `feedback` (
  `id` int unsigned NOT NULL AUTO_INCREMENT,
  `member_id` int DEFAULT NULL COMMENT '用户id',
  `feed` varchar(255) DEFAULT NULL COMMENT '反馈内容',
  `feed_day` varchar(255) DEFAULT NULL COMMENT '反馈时间',
  `callback` varchar(255) DEFAULT NULL COMMENT '回复内容',
  `user_id` int DEFAULT NULL COMMENT '回复后台id',
  PRIMARY KEY (`id`),
  KEY `idx` (`member_id`)
) ENGINE=InnoDB AUTO_INCREMENT=2 DEFAULT CHARSET=utf8mb4 COLLATE=utf8mb4_0900_ai_ci COMMENT='用户反馈记录表';

-- ----------------------------
-- Records of feedback
-- ----------------------------
INSERT INTO `feedback` VALUES ('1', '1', '希望小说内容能快点更新 ', '2023-09-10 10:00:00', '感谢您的关注，希望能持续给您带来好的体验。', '2');

-- ----------------------------
-- Table structure for goadmin_menu
-- ----------------------------
DROP TABLE IF EXISTS `goadmin_menu`;
CREATE TABLE `goadmin_menu` (
  `id` int unsigned NOT NULL AUTO_INCREMENT,
  `parent_id` int unsigned NOT NULL DEFAULT '0',
  `type` tinyint unsigned NOT NULL DEFAULT '0',
  `order` int unsigned NOT NULL DEFAULT '0',
  `title` varchar(50) CHARACTER SET utf8mb4 COLLATE utf8mb4_unicode_ci NOT NULL,
  `icon` varchar(50) CHARACTER SET utf8mb4 COLLATE utf8mb4_unicode_ci NOT NULL,
  `uri` varchar(3000) CHARACTER SET utf8mb4 COLLATE utf8mb4_unicode_ci NOT NULL DEFAULT '',
  `header` varchar(150) CHARACTER SET utf8mb4 COLLATE utf8mb4_unicode_ci DEFAULT NULL,
  `plugin_name` varchar(150) CHARACTER SET utf8mb4 COLLATE utf8mb4_unicode_ci NOT NULL DEFAULT '',
  `uuid` varchar(150) CHARACTER SET utf8mb4 COLLATE utf8mb4_unicode_ci DEFAULT NULL,
  `created_at` timestamp NULL DEFAULT CURRENT_TIMESTAMP,
  `updated_at` timestamp NULL DEFAULT CURRENT_TIMESTAMP,
  PRIMARY KEY (`id`)
) ENGINE=InnoDB AUTO_INCREMENT=18 DEFAULT CHARSET=utf8mb4 COLLATE=utf8mb4_unicode_ci;

-- ----------------------------
-- Records of goadmin_menu
-- ----------------------------
INSERT INTO `goadmin_menu` VALUES ('1', '0', '1', '2', '系统管理', 'fa-tasks', '', '', '', null, '2019-09-10 00:00:00', '2023-09-03 13:07:21');
INSERT INTO `goadmin_menu` VALUES ('2', '1', '1', '2', 'Users', 'fa-users', '/info/manager', '用户管理', '', null, '2019-09-10 00:00:00', '2023-09-03 13:07:44');
INSERT INTO `goadmin_menu` VALUES ('3', '1', '1', '3', 'Roles', 'fa-user', '/info/roles', null, '', null, '2019-09-10 00:00:00', '2019-09-10 00:00:00');
INSERT INTO `goadmin_menu` VALUES ('4', '1', '1', '4', 'Permission', 'fa-ban', '/info/permission', null, '', null, '2019-09-10 00:00:00', '2019-09-10 00:00:00');
INSERT INTO `goadmin_menu` VALUES ('5', '1', '1', '5', 'Menu', 'fa-bars', '/menu', null, '', null, '2019-09-10 00:00:00', '2019-09-10 00:00:00');
INSERT INTO `goadmin_menu` VALUES ('6', '1', '1', '6', 'Operation log', 'fa-history', '/info/op', null, '', null, '2019-09-10 00:00:00', '2019-09-10 00:00:00');
INSERT INTO `goadmin_menu` VALUES ('7', '0', '1', '1', 'Dashboard', 'fa-bar-chart', '/', null, '', null, '2019-09-10 00:00:00', '2019-09-10 00:00:00');
INSERT INTO `goadmin_menu` VALUES ('8', '0', '0', '2', '小说管理', 'fa-bars', '', '', '', null, '2023-09-03 13:02:45', '2023-09-03 13:02:45');
INSERT INTO `goadmin_menu` VALUES ('9', '8', '0', '2', '分类管理', 'fa-cubes', '/info/category', '', '', null, '2023-09-03 13:04:04', '2023-09-03 14:01:47');
INSERT INTO `goadmin_menu` VALUES ('10', '8', '0', '2', '书籍管理', 'fa-american-sign-language-interpreting', '/info/book', '', '', null, '2023-09-03 13:04:51', '2023-09-03 14:30:01');
INSERT INTO `goadmin_menu` VALUES ('11', '8', '0', '2', '内容管理', 'fa-archive', '/info/chapter', '', '', null, '2023-09-03 13:05:17', '2023-09-03 14:30:10');
INSERT INTO `goadmin_menu` VALUES ('12', '8', '0', '2', '评论管理', 'fa-language', '/info/comment', '', '', null, '2023-09-03 13:06:04', '2023-09-03 14:30:17');
INSERT INTO `goadmin_menu` VALUES ('13', '0', '0', '2', '用户管理', 'fa-bars', '', '', '', null, '2023-09-03 13:08:36', '2023-09-03 13:08:36');
INSERT INTO `goadmin_menu` VALUES ('14', '13', '0', '2', '用户列表', 'fa-fax', '/info/member', '', '', null, '2023-09-03 13:09:26', '2023-09-03 14:30:25');
INSERT INTO `goadmin_menu` VALUES ('15', '13', '0', '2', '用户反馈', 'fa-android', '/info/feedback', '', '', null, '2023-09-03 13:10:24', '2023-09-03 14:30:33');
INSERT INTO `goadmin_menu` VALUES ('16', '13', '0', '2', '用户书架', 'fa-anchor', '/info/shelf', '', '', null, '2023-09-03 15:29:33', '2023-09-03 15:29:33');
INSERT INTO `goadmin_menu` VALUES ('17', '13', '0', '2', '用户浏览记录', 'fa-twitter-square', '/info/reader', '', '', null, '2023-09-03 15:30:06', '2023-09-03 15:30:06');

-- ----------------------------
-- Table structure for goadmin_operation_log
-- ----------------------------
DROP TABLE IF EXISTS `goadmin_operation_log`;
CREATE TABLE `goadmin_operation_log` (
  `id` int unsigned NOT NULL AUTO_INCREMENT,
  `user_id` int unsigned NOT NULL,
  `path` varchar(255) CHARACTER SET utf8mb4 COLLATE utf8mb4_unicode_ci NOT NULL,
  `method` varchar(10) CHARACTER SET utf8mb4 COLLATE utf8mb4_unicode_ci NOT NULL,
  `ip` varchar(15) CHARACTER SET utf8mb4 COLLATE utf8mb4_unicode_ci NOT NULL,
  `input` text CHARACTER SET utf8mb4 COLLATE utf8mb4_unicode_ci NOT NULL,
  `created_at` timestamp NULL DEFAULT CURRENT_TIMESTAMP,
  `updated_at` timestamp NULL DEFAULT CURRENT_TIMESTAMP,
  PRIMARY KEY (`id`),
  KEY `admin_operation_log_user_id_index` (`user_id`)
) ENGINE=InnoDB AUTO_INCREMENT=69 DEFAULT CHARSET=utf8mb4 COLLATE=utf8mb4_unicode_ci;

-- ----------------------------
-- Records of goadmin_operation_log
-- ----------------------------
INSERT INTO `goadmin_operation_log` VALUES ('1', '1', '/admin', 'GET', '127.0.0.1', '', '2023-09-03 12:51:40', '2023-09-03 12:51:40');
INSERT INTO `goadmin_operation_log` VALUES ('2', '1', '/admin', 'GET', '127.0.0.1', '', '2023-09-03 12:54:00', '2023-09-03 12:54:00');
INSERT INTO `goadmin_operation_log` VALUES ('3', '1', '/admin/logout', 'GET', '127.0.0.1', '', '2023-09-03 12:54:04', '2023-09-03 12:54:04');
INSERT INTO `goadmin_operation_log` VALUES ('4', '1', '/admin', 'GET', '127.0.0.1', '', '2023-09-03 12:54:08', '2023-09-03 12:54:08');
INSERT INTO `goadmin_operation_log` VALUES ('5', '1', '/admin/logout', 'GET', '127.0.0.1', '', '2023-09-03 12:54:16', '2023-09-03 12:54:16');
INSERT INTO `goadmin_operation_log` VALUES ('6', '1', '/admin', 'GET', '127.0.0.1', '', '2023-09-03 12:54:18', '2023-09-03 12:54:18');
INSERT INTO `goadmin_operation_log` VALUES ('7', '1', '/admin', 'GET', '127.0.0.1', '', '2023-09-03 12:56:00', '2023-09-03 12:56:00');
INSERT INTO `goadmin_operation_log` VALUES ('8', '1', '/admin', 'GET', '127.0.0.1', '', '2023-09-03 12:56:05', '2023-09-03 12:56:05');
INSERT INTO `goadmin_operation_log` VALUES ('9', '1', '/admin/logout', 'GET', '127.0.0.1', '', '2023-09-03 12:56:09', '2023-09-03 12:56:09');
INSERT INTO `goadmin_operation_log` VALUES ('10', '1', '/admin', 'GET', '127.0.0.1', '', '2023-09-03 13:00:56', '2023-09-03 13:00:56');
INSERT INTO `goadmin_operation_log` VALUES ('11', '1', '/admin', 'GET', '127.0.0.1', '', '2023-09-03 13:01:00', '2023-09-03 13:01:00');
INSERT INTO `goadmin_operation_log` VALUES ('12', '1', '/admin/menu', 'GET', '127.0.0.1', '', '2023-09-03 13:01:15', '2023-09-03 13:01:15');
INSERT INTO `goadmin_operation_log` VALUES ('13', '1', '/admin/info/manager', 'GET', '127.0.0.1', '', '2023-09-03 13:01:21', '2023-09-03 13:01:21');
INSERT INTO `goadmin_operation_log` VALUES ('14', '1', '/admin/info/roles', 'GET', '127.0.0.1', '', '2023-09-03 13:01:32', '2023-09-03 13:01:32');
INSERT INTO `goadmin_operation_log` VALUES ('15', '1', '/admin/info/permission', 'GET', '127.0.0.1', '', '2023-09-03 13:01:35', '2023-09-03 13:01:35');
INSERT INTO `goadmin_operation_log` VALUES ('16', '1', '/admin/info/permission', 'GET', '127.0.0.1', '', '2023-09-03 13:01:38', '2023-09-03 13:01:38');
INSERT INTO `goadmin_operation_log` VALUES ('17', '1', '/admin/info/manager', 'GET', '127.0.0.1', '', '2023-09-03 13:01:45', '2023-09-03 13:01:45');
INSERT INTO `goadmin_operation_log` VALUES ('18', '1', '/admin/menu', 'GET', '127.0.0.1', '', '2023-09-03 13:01:47', '2023-09-03 13:01:47');
INSERT INTO `goadmin_operation_log` VALUES ('19', '1', '/admin/info/op', 'GET', '127.0.0.1', '', '2023-09-03 13:01:49', '2023-09-03 13:01:49');
INSERT INTO `goadmin_operation_log` VALUES ('20', '1', '/admin', 'GET', '127.0.0.1', '', '2023-09-03 13:01:51', '2023-09-03 13:01:51');
INSERT INTO `goadmin_operation_log` VALUES ('21', '1', '/admin/info/manager', 'GET', '127.0.0.1', '', '2023-09-03 13:01:54', '2023-09-03 13:01:54');
INSERT INTO `goadmin_operation_log` VALUES ('22', '1', '/admin/menu', 'GET', '127.0.0.1', '', '2023-09-03 13:01:56', '2023-09-03 13:01:56');
INSERT INTO `goadmin_operation_log` VALUES ('23', '1', '/admin/menu/new', 'POST', '127.0.0.1', '{\"__go_admin_previous_\":[\"/admin/menu\"],\"__go_admin_t_\":[\"22148d07-f612-4127-a611-072a40f791a7\"],\"header\":[\"\"],\"icon\":[\"fa-bars\"],\"parent_id\":[\"0\"],\"plugin_name\":[\"\"],\"roles[]\":[\"1\",\"2\"],\"title\":[\"小说管理\"],\"uri\":[\"\"]}', '2023-09-03 13:02:45', '2023-09-03 13:02:45');
INSERT INTO `goadmin_operation_log` VALUES ('24', '1', '/admin/menu/new', 'POST', '127.0.0.1', '{\"__go_admin_previous_\":[\"/admin/menu\"],\"__go_admin_t_\":[\"7f961ab0-0fcf-46fc-9da0-ff3289996dfd\"],\"header\":[\"\"],\"icon\":[\"fa-cubes\"],\"parent_id\":[\"8\"],\"plugin_name\":[\"\"],\"roles[]\":[\"1\"],\"title\":[\"分类管理\"],\"uri\":[\"/admin/book/category\"]}', '2023-09-03 13:04:04', '2023-09-03 13:04:04');
INSERT INTO `goadmin_operation_log` VALUES ('25', '1', '/admin/menu/new', 'POST', '127.0.0.1', '{\"__go_admin_previous_\":[\"/admin/menu\"],\"__go_admin_t_\":[\"51532d66-882d-4f55-bc25-7b6e54111812\"],\"header\":[\"\"],\"icon\":[\"fa-american-sign-language-interpreting\"],\"parent_id\":[\"8\"],\"plugin_name\":[\"\"],\"roles[]\":[\"1\",\"2\"],\"title\":[\"书籍管理\"],\"uri\":[\"/admin/book/list\"]}', '2023-09-03 13:04:51', '2023-09-03 13:04:51');
INSERT INTO `goadmin_operation_log` VALUES ('26', '1', '/admin/menu/new', 'POST', '127.0.0.1', '{\"__go_admin_previous_\":[\"/admin/menu\"],\"__go_admin_t_\":[\"363036f3-1cad-484e-8714-1a9fe752289b\"],\"header\":[\"\"],\"icon\":[\"fa-archive\"],\"parent_id\":[\"8\"],\"plugin_name\":[\"\"],\"roles[]\":[\"1\",\"2\"],\"title\":[\"内容管理\"],\"uri\":[\"/admin/book/chapter\"]}', '2023-09-03 13:05:17', '2023-09-03 13:05:17');
INSERT INTO `goadmin_operation_log` VALUES ('27', '1', '/admin/menu/new', 'POST', '127.0.0.1', '{\"__go_admin_previous_\":[\"/admin/menu\"],\"__go_admin_t_\":[\"161c5611-5d76-4f3a-b756-2b7139c338e3\"],\"header\":[\"\"],\"icon\":[\"fa-language\"],\"parent_id\":[\"8\"],\"plugin_name\":[\"\"],\"roles[]\":[\"1\",\"2\"],\"title\":[\"评论管理\"],\"uri\":[\"/admin/book/comment\"]}', '2023-09-03 13:06:04', '2023-09-03 13:06:04');
INSERT INTO `goadmin_operation_log` VALUES ('28', '1', '/admin/menu/edit/show', 'GET', '127.0.0.1', '', '2023-09-03 13:06:45', '2023-09-03 13:06:45');
INSERT INTO `goadmin_operation_log` VALUES ('29', '1', '/admin/menu/edit', 'POST', '127.0.0.1', '{\"__go_admin_previous_\":[\"/admin/menu\"],\"__go_admin_t_\":[\"d654a546-650c-4258-b8c3-fa033a90eeb1\"],\"created_at\":[\"2019-09-10 00:00:00\"],\"header\":[\"\"],\"icon\":[\"fa-tasks\"],\"id\":[\"1\"],\"parent_id\":[\"0\"],\"plugin_name\":[\"\"],\"roles[]\":[\"1\"],\"title\":[\"Admin\"],\"updated_at\":[\"2019-09-10 00:00:00\"],\"uri\":[\"\"]}', '2023-09-03 13:06:59', '2023-09-03 13:06:59');
INSERT INTO `goadmin_operation_log` VALUES ('30', '1', '/admin/menu/edit/show', 'GET', '127.0.0.1', '', '2023-09-03 13:07:08', '2023-09-03 13:07:08');
INSERT INTO `goadmin_operation_log` VALUES ('31', '1', '/admin/menu/edit', 'POST', '127.0.0.1', '{\"__go_admin_previous_\":[\"/admin/menu\"],\"__go_admin_t_\":[\"56c3b20b-5ce5-4a00-9d5e-776ee65c8bb7\"],\"created_at\":[\"2019-09-10 00:00:00\"],\"header\":[\"\"],\"icon\":[\"fa-tasks\"],\"id\":[\"1\"],\"parent_id\":[\"0\"],\"plugin_name\":[\"\"],\"roles[]\":[\"1\"],\"title\":[\"系统管理\"],\"updated_at\":[\"2023-09-03 13:06:59\"],\"uri\":[\"\"]}', '2023-09-03 13:07:21', '2023-09-03 13:07:21');
INSERT INTO `goadmin_operation_log` VALUES ('32', '1', '/admin/menu/edit/show', 'GET', '127.0.0.1', '', '2023-09-03 13:07:29', '2023-09-03 13:07:29');
INSERT INTO `goadmin_operation_log` VALUES ('33', '1', '/admin/menu/edit', 'POST', '127.0.0.1', '{\"__go_admin_previous_\":[\"/admin/menu\"],\"__go_admin_t_\":[\"98288f19-044a-4372-9ab6-f31660668ce3\"],\"created_at\":[\"2019-09-10 00:00:00\"],\"header\":[\"用户管理\"],\"icon\":[\"fa-users\"],\"id\":[\"2\"],\"parent_id\":[\"1\"],\"plugin_name\":[\"\"],\"title\":[\"Users\"],\"updated_at\":[\"2019-09-10 00:00:00\"],\"uri\":[\"/info/manager\"]}', '2023-09-03 13:07:44', '2023-09-03 13:07:44');
INSERT INTO `goadmin_operation_log` VALUES ('34', '1', '/admin/menu', 'GET', '127.0.0.1', '', '2023-09-03 13:07:48', '2023-09-03 13:07:48');
INSERT INTO `goadmin_operation_log` VALUES ('35', '1', '/admin/info/manager', 'GET', '127.0.0.1', '', '2023-09-03 13:07:53', '2023-09-03 13:07:53');
INSERT INTO `goadmin_operation_log` VALUES ('36', '1', '/admin/info/roles', 'GET', '127.0.0.1', '', '2023-09-03 13:07:57', '2023-09-03 13:07:57');
INSERT INTO `goadmin_operation_log` VALUES ('37', '1', '/admin/info/manager', 'GET', '127.0.0.1', '', '2023-09-03 13:07:58', '2023-09-03 13:07:58');
INSERT INTO `goadmin_operation_log` VALUES ('38', '1', '/admin/info/roles', 'GET', '127.0.0.1', '', '2023-09-03 13:08:00', '2023-09-03 13:08:00');
INSERT INTO `goadmin_operation_log` VALUES ('39', '1', '/admin/info/permission', 'GET', '127.0.0.1', '', '2023-09-03 13:08:01', '2023-09-03 13:08:01');
INSERT INTO `goadmin_operation_log` VALUES ('40', '1', '/admin/menu', 'GET', '127.0.0.1', '', '2023-09-03 13:08:02', '2023-09-03 13:08:02');
INSERT INTO `goadmin_operation_log` VALUES ('41', '1', '/admin/info/manager', 'GET', '127.0.0.1', '', '2023-09-03 13:08:03', '2023-09-03 13:08:03');
INSERT INTO `goadmin_operation_log` VALUES ('42', '1', '/admin/menu', 'GET', '127.0.0.1', '', '2023-09-03 13:08:22', '2023-09-03 13:08:22');
INSERT INTO `goadmin_operation_log` VALUES ('43', '1', '/admin/menu/new', 'POST', '127.0.0.1', '{\"__go_admin_previous_\":[\"/admin/menu\"],\"__go_admin_t_\":[\"666cdb15-d0eb-41e4-ade3-a79bb842180d\"],\"header\":[\"\"],\"icon\":[\"fa-bars\"],\"parent_id\":[\"0\"],\"plugin_name\":[\"\"],\"title\":[\"用户管理\"],\"uri\":[\"\"]}', '2023-09-03 13:08:37', '2023-09-03 13:08:37');
INSERT INTO `goadmin_operation_log` VALUES ('44', '1', '/admin/menu/new', 'POST', '127.0.0.1', '{\"__go_admin_previous_\":[\"/admin/menu\"],\"__go_admin_t_\":[\"cef63692-7f81-440b-a669-26c1a3a17d4a\"],\"header\":[\"\"],\"icon\":[\"fa-fax\"],\"parent_id\":[\"13\"],\"plugin_name\":[\"\"],\"roles[]\":[\"1\"],\"title\":[\"用户列表\"],\"uri\":[\"/admin/user/list\"]}', '2023-09-03 13:09:26', '2023-09-03 13:09:26');
INSERT INTO `goadmin_operation_log` VALUES ('45', '1', '/admin/menu/new', 'POST', '127.0.0.1', '{\"__go_admin_previous_\":[\"/admin/menu\"],\"__go_admin_t_\":[\"654d9d7a-4986-48f4-a26f-24610dba12be\"],\"header\":[\"\"],\"icon\":[\"fa-android\"],\"parent_id\":[\"13\"],\"plugin_name\":[\"\"],\"title\":[\"用户反馈\"],\"uri\":[\"/admin/user/feedback\"]}', '2023-09-03 13:10:24', '2023-09-03 13:10:24');
INSERT INTO `goadmin_operation_log` VALUES ('46', '1', '/admin/menu/edit/show', 'GET', '127.0.0.1', '', '2023-09-03 13:10:28', '2023-09-03 13:10:28');
INSERT INTO `goadmin_operation_log` VALUES ('47', '1', '/admin/menu/edit', 'POST', '127.0.0.1', '{\"__go_admin_previous_\":[\"/admin/menu\"],\"__go_admin_t_\":[\"fe4433e3-ca8d-45a7-8714-053eb5d58c7f\"],\"created_at\":[\"2023-09-03 13:10:24\"],\"header\":[\"\"],\"icon\":[\"fa-android\"],\"id\":[\"15\"],\"parent_id\":[\"13\"],\"plugin_name\":[\"\"],\"roles[]\":[\"1\",\"2\"],\"title\":[\"用户反馈\"],\"updated_at\":[\"2023-09-03 13:10:24\"],\"uri\":[\"/admin/user/feedback\"]}', '2023-09-03 13:10:34', '2023-09-03 13:10:34');
INSERT INTO `goadmin_operation_log` VALUES ('48', '1', '/admin/menu/edit/show', 'GET', '127.0.0.1', '', '2023-09-03 13:10:37', '2023-09-03 13:10:37');
INSERT INTO `goadmin_operation_log` VALUES ('49', '1', '/admin/menu/edit', 'POST', '127.0.0.1', '{\"__go_admin_previous_\":[\"/admin/menu\"],\"__go_admin_t_\":[\"371aa263-f5a6-4bb3-aca7-e5eb6619c7ee\"],\"created_at\":[\"2023-09-03 13:09:26\"],\"header\":[\"\"],\"icon\":[\"fa-fax\"],\"id\":[\"14\"],\"parent_id\":[\"13\"],\"plugin_name\":[\"\"],\"roles[]\":[\"1\"],\"title\":[\"用户列表\"],\"updated_at\":[\"2023-09-03 13:09:26\"],\"uri\":[\"/admin/user/list\"]}', '2023-09-03 13:10:41', '2023-09-03 13:10:41');
INSERT INTO `goadmin_operation_log` VALUES ('50', '1', '/admin/menu', 'GET', '127.0.0.1', '', '2023-09-03 13:10:44', '2023-09-03 13:10:44');
INSERT INTO `goadmin_operation_log` VALUES ('51', '1', '/admin/menu', 'GET', '127.0.0.1', '', '2023-09-03 13:15:38', '2023-09-03 13:15:38');
INSERT INTO `goadmin_operation_log` VALUES ('52', '1', '/admin/menu', 'GET', '127.0.0.1', '', '2023-09-03 13:15:43', '2023-09-03 13:15:43');
INSERT INTO `goadmin_operation_log` VALUES ('53', '1', '/admin', 'GET', '127.0.0.1', '', '2023-09-03 13:15:48', '2023-09-03 13:15:48');
INSERT INTO `goadmin_operation_log` VALUES ('54', '1', '/admin/info/manager', 'GET', '127.0.0.1', '', '2023-09-03 13:15:51', '2023-09-03 13:15:51');
INSERT INTO `goadmin_operation_log` VALUES ('55', '1', '/admin/info/roles', 'GET', '127.0.0.1', '', '2023-09-03 13:15:52', '2023-09-03 13:15:52');
INSERT INTO `goadmin_operation_log` VALUES ('56', '1', '/admin/info/manager', 'GET', '127.0.0.1', '', '2023-09-03 13:15:53', '2023-09-03 13:15:53');
INSERT INTO `goadmin_operation_log` VALUES ('57', '1', '/admin/info/manager', 'GET', '127.0.0.1', '', '2023-09-03 13:27:41', '2023-09-03 13:27:41');
INSERT INTO `goadmin_operation_log` VALUES ('58', '1', '/admin/info/site/edit', 'GET', '127.0.0.1', '', '2023-09-03 13:27:52', '2023-09-03 13:27:52');
INSERT INTO `goadmin_operation_log` VALUES ('59', '1', '/admin', 'GET', '127.0.0.1', '', '2023-09-03 13:29:05', '2023-09-03 13:29:05');
INSERT INTO `goadmin_operation_log` VALUES ('60', '1', '/admin', 'GET', '127.0.0.1', '', '2023-09-03 13:29:46', '2023-09-03 13:29:46');
INSERT INTO `goadmin_operation_log` VALUES ('61', '1', '/admin', 'GET', '127.0.0.1', '', '2023-09-03 13:54:23', '2023-09-03 13:54:23');
INSERT INTO `goadmin_operation_log` VALUES ('62', '1', '/admin', 'GET', '127.0.0.1', '', '2023-09-03 14:01:04', '2023-09-03 14:01:04');
INSERT INTO `goadmin_operation_log` VALUES ('63', '1', '/admin', 'GET', '127.0.0.1', '', '2023-09-03 14:01:34', '2023-09-03 14:01:34');
INSERT INTO `goadmin_operation_log` VALUES ('64', '1', '/admin', 'GET', '127.0.0.1', '', '2023-09-03 15:02:30', '2023-09-03 15:02:30');
INSERT INTO `goadmin_operation_log` VALUES ('65', '1', '/admin', 'GET', '127.0.0.1', '', '2023-09-03 15:37:41', '2023-09-03 15:37:41');
INSERT INTO `goadmin_operation_log` VALUES ('66', '1', '/admin', 'GET', '127.0.0.1', '', '2023-09-03 15:39:47', '2023-09-03 15:39:47');
INSERT INTO `goadmin_operation_log` VALUES ('67', '1', '/admin', 'GET', '127.0.0.1', '', '2023-09-03 15:39:49', '2023-09-03 15:39:49');
INSERT INTO `goadmin_operation_log` VALUES ('68', '1', '/admin', 'GET', '127.0.0.1', '', '2023-09-03 15:40:44', '2023-09-03 15:40:44');

-- ----------------------------
-- Table structure for goadmin_permissions
-- ----------------------------
DROP TABLE IF EXISTS `goadmin_permissions`;
CREATE TABLE `goadmin_permissions` (
  `id` int unsigned NOT NULL AUTO_INCREMENT,
  `name` varchar(50) CHARACTER SET utf8mb4 COLLATE utf8mb4_unicode_ci NOT NULL,
  `slug` varchar(50) CHARACTER SET utf8mb4 COLLATE utf8mb4_unicode_ci NOT NULL,
  `http_method` varchar(255) CHARACTER SET utf8mb4 COLLATE utf8mb4_unicode_ci DEFAULT NULL,
  `http_path` text CHARACTER SET utf8mb4 COLLATE utf8mb4_unicode_ci NOT NULL,
  `created_at` timestamp NULL DEFAULT CURRENT_TIMESTAMP,
  `updated_at` timestamp NULL DEFAULT CURRENT_TIMESTAMP,
  PRIMARY KEY (`id`),
  UNIQUE KEY `admin_permissions_name_unique` (`name`)
) ENGINE=InnoDB AUTO_INCREMENT=17 DEFAULT CHARSET=utf8mb4 COLLATE=utf8mb4_unicode_ci;

-- ----------------------------
-- Records of goadmin_permissions
-- ----------------------------
INSERT INTO `goadmin_permissions` VALUES ('1', 'All permission', '*', '', '*', '2019-09-10 00:00:00', '2019-09-10 00:00:00');
INSERT INTO `goadmin_permissions` VALUES ('2', 'Dashboard', 'dashboard', 'GET,PUT,POST,DELETE', '/', '2019-09-10 00:00:00', '2019-09-10 00:00:00');
INSERT INTO `goadmin_permissions` VALUES ('3', 'category 查询', 'category_query', 'GET', '/info/category', '2023-09-03 13:51:33', '2023-09-03 13:51:33');
INSERT INTO `goadmin_permissions` VALUES ('4', 'category 编辑页显示', 'category_show_edit', 'GET', '/info/category/edit', '2023-09-03 13:51:33', '2023-09-03 13:51:33');
INSERT INTO `goadmin_permissions` VALUES ('5', 'category 新建记录页显示', 'category_show_create', 'GET', '/info/category/new', '2023-09-03 13:51:33', '2023-09-03 13:51:33');
INSERT INTO `goadmin_permissions` VALUES ('6', 'category 编辑', 'category_edit', 'POST', '/edit/category', '2023-09-03 13:51:33', '2023-09-03 13:51:33');
INSERT INTO `goadmin_permissions` VALUES ('7', 'category 新建', 'category_create', 'POST', '/new/category', '2023-09-03 13:51:33', '2023-09-03 13:51:33');
INSERT INTO `goadmin_permissions` VALUES ('8', 'category 删除', 'category_delete', 'POST', '/delete/category', '2023-09-03 13:51:33', '2023-09-03 13:51:33');
INSERT INTO `goadmin_permissions` VALUES ('9', 'category 导出', 'category_export', 'POST', '/export/category', '2023-09-03 13:51:33', '2023-09-03 13:51:33');
INSERT INTO `goadmin_permissions` VALUES ('10', 'book 查询', 'book_query', 'GET', '/info/book', '2023-09-03 14:25:36', '2023-09-03 14:25:36');
INSERT INTO `goadmin_permissions` VALUES ('11', 'book 编辑页显示', 'book_show_edit', 'GET', '/info/book/edit', '2023-09-03 14:25:36', '2023-09-03 14:25:36');
INSERT INTO `goadmin_permissions` VALUES ('12', 'book 新建记录页显示', 'book_show_create', 'GET', '/info/book/new', '2023-09-03 14:25:36', '2023-09-03 14:25:36');
INSERT INTO `goadmin_permissions` VALUES ('13', 'book 编辑', 'book_edit', 'POST', '/edit/book', '2023-09-03 14:25:36', '2023-09-03 14:25:36');
INSERT INTO `goadmin_permissions` VALUES ('14', 'book 新建', 'book_create', 'POST', '/new/book', '2023-09-03 14:25:36', '2023-09-03 14:25:36');
INSERT INTO `goadmin_permissions` VALUES ('15', 'book 删除', 'book_delete', 'POST', '/delete/book', '2023-09-03 14:25:36', '2023-09-03 14:25:36');
INSERT INTO `goadmin_permissions` VALUES ('16', 'book 导出', 'book_export', 'POST', '/export/book', '2023-09-03 14:25:36', '2023-09-03 14:25:36');

-- ----------------------------
-- Table structure for goadmin_roles
-- ----------------------------
DROP TABLE IF EXISTS `goadmin_roles`;
CREATE TABLE `goadmin_roles` (
  `id` int unsigned NOT NULL AUTO_INCREMENT,
  `name` varchar(50) CHARACTER SET utf8mb4 COLLATE utf8mb4_unicode_ci NOT NULL,
  `slug` varchar(50) CHARACTER SET utf8mb4 COLLATE utf8mb4_unicode_ci NOT NULL,
  `created_at` timestamp NULL DEFAULT CURRENT_TIMESTAMP,
  `updated_at` timestamp NULL DEFAULT CURRENT_TIMESTAMP,
  PRIMARY KEY (`id`),
  UNIQUE KEY `admin_roles_name_unique` (`name`)
) ENGINE=InnoDB AUTO_INCREMENT=3 DEFAULT CHARSET=utf8mb4 COLLATE=utf8mb4_unicode_ci;

-- ----------------------------
-- Records of goadmin_roles
-- ----------------------------
INSERT INTO `goadmin_roles` VALUES ('1', 'Administrator', 'administrator', '2019-09-10 00:00:00', '2019-09-10 00:00:00');
INSERT INTO `goadmin_roles` VALUES ('2', 'Operator', 'operator', '2019-09-10 00:00:00', '2019-09-10 00:00:00');

-- ----------------------------
-- Table structure for goadmin_role_menu
-- ----------------------------
DROP TABLE IF EXISTS `goadmin_role_menu`;
CREATE TABLE `goadmin_role_menu` (
  `role_id` int unsigned NOT NULL,
  `menu_id` int unsigned NOT NULL,
  `created_at` timestamp NULL DEFAULT CURRENT_TIMESTAMP,
  `updated_at` timestamp NULL DEFAULT CURRENT_TIMESTAMP,
  KEY `admin_role_menu_role_id_menu_id_index` (`role_id`,`menu_id`)
) ENGINE=InnoDB DEFAULT CHARSET=utf8mb4 COLLATE=utf8mb4_unicode_ci;

-- ----------------------------
-- Records of goadmin_role_menu
-- ----------------------------
INSERT INTO `goadmin_role_menu` VALUES ('1', '7', '2019-09-10 00:00:00', '2019-09-10 00:00:00');
INSERT INTO `goadmin_role_menu` VALUES ('2', '7', '2019-09-10 00:00:00', '2019-09-10 00:00:00');
INSERT INTO `goadmin_role_menu` VALUES ('1', '8', '2019-09-11 10:20:55', '2019-09-11 10:20:55');
INSERT INTO `goadmin_role_menu` VALUES ('2', '8', '2019-09-11 10:20:55', '2019-09-11 10:20:55');
INSERT INTO `goadmin_role_menu` VALUES ('1', '1', '2023-09-03 13:07:21', '2023-09-03 13:07:21');
INSERT INTO `goadmin_role_menu` VALUES ('1', '9', '2023-09-03 14:01:47', '2023-09-03 14:01:47');
INSERT INTO `goadmin_role_menu` VALUES ('1', '10', '2023-09-03 14:30:01', '2023-09-03 14:30:01');
INSERT INTO `goadmin_role_menu` VALUES ('2', '10', '2023-09-03 14:30:01', '2023-09-03 14:30:01');
INSERT INTO `goadmin_role_menu` VALUES ('1', '11', '2023-09-03 14:30:10', '2023-09-03 14:30:10');
INSERT INTO `goadmin_role_menu` VALUES ('2', '11', '2023-09-03 14:30:10', '2023-09-03 14:30:10');
INSERT INTO `goadmin_role_menu` VALUES ('1', '12', '2023-09-03 14:30:17', '2023-09-03 14:30:17');
INSERT INTO `goadmin_role_menu` VALUES ('2', '12', '2023-09-03 14:30:17', '2023-09-03 14:30:17');
INSERT INTO `goadmin_role_menu` VALUES ('1', '14', '2023-09-03 14:30:25', '2023-09-03 14:30:25');
INSERT INTO `goadmin_role_menu` VALUES ('1', '15', '2023-09-03 14:30:33', '2023-09-03 14:30:33');
INSERT INTO `goadmin_role_menu` VALUES ('2', '15', '2023-09-03 14:30:33', '2023-09-03 14:30:33');
INSERT INTO `goadmin_role_menu` VALUES ('1', '16', '2023-09-03 15:29:33', '2023-09-03 15:29:33');
INSERT INTO `goadmin_role_menu` VALUES ('2', '16', '2023-09-03 15:29:33', '2023-09-03 15:29:33');
INSERT INTO `goadmin_role_menu` VALUES ('1', '17', '2023-09-03 15:30:06', '2023-09-03 15:30:06');
INSERT INTO `goadmin_role_menu` VALUES ('2', '17', '2023-09-03 15:30:06', '2023-09-03 15:30:06');

-- ----------------------------
-- Table structure for goadmin_role_permissions
-- ----------------------------
DROP TABLE IF EXISTS `goadmin_role_permissions`;
CREATE TABLE `goadmin_role_permissions` (
  `role_id` int unsigned NOT NULL,
  `permission_id` int unsigned NOT NULL,
  `created_at` timestamp NULL DEFAULT CURRENT_TIMESTAMP,
  `updated_at` timestamp NULL DEFAULT CURRENT_TIMESTAMP,
  UNIQUE KEY `admin_role_permissions` (`role_id`,`permission_id`)
) ENGINE=InnoDB DEFAULT CHARSET=utf8mb4 COLLATE=utf8mb4_unicode_ci;

-- ----------------------------
-- Records of goadmin_role_permissions
-- ----------------------------
INSERT INTO `goadmin_role_permissions` VALUES ('1', '1', '2019-09-10 00:00:00', '2019-09-10 00:00:00');
INSERT INTO `goadmin_role_permissions` VALUES ('1', '2', '2019-09-10 00:00:00', '2019-09-10 00:00:00');
INSERT INTO `goadmin_role_permissions` VALUES ('2', '2', '2019-09-10 00:00:00', '2019-09-10 00:00:00');

-- ----------------------------
-- Table structure for goadmin_role_users
-- ----------------------------
DROP TABLE IF EXISTS `goadmin_role_users`;
CREATE TABLE `goadmin_role_users` (
  `role_id` int unsigned NOT NULL,
  `user_id` int unsigned NOT NULL,
  `created_at` timestamp NULL DEFAULT CURRENT_TIMESTAMP,
  `updated_at` timestamp NULL DEFAULT CURRENT_TIMESTAMP,
  UNIQUE KEY `admin_user_roles` (`role_id`,`user_id`)
) ENGINE=InnoDB DEFAULT CHARSET=utf8mb4 COLLATE=utf8mb4_unicode_ci;

-- ----------------------------
-- Records of goadmin_role_users
-- ----------------------------
INSERT INTO `goadmin_role_users` VALUES ('1', '1', '2019-09-10 00:00:00', '2019-09-10 00:00:00');
INSERT INTO `goadmin_role_users` VALUES ('2', '2', '2019-09-10 00:00:00', '2019-09-10 00:00:00');

-- ----------------------------
-- Table structure for goadmin_session
-- ----------------------------
DROP TABLE IF EXISTS `goadmin_session`;
CREATE TABLE `goadmin_session` (
  `id` int unsigned NOT NULL AUTO_INCREMENT,
  `sid` varchar(50) CHARACTER SET utf8mb4 COLLATE utf8mb4_unicode_ci NOT NULL DEFAULT '',
  `values` varchar(3000) CHARACTER SET utf8mb4 COLLATE utf8mb4_unicode_ci NOT NULL DEFAULT '',
  `created_at` timestamp NULL DEFAULT CURRENT_TIMESTAMP,
  `updated_at` timestamp NULL DEFAULT CURRENT_TIMESTAMP,
  PRIMARY KEY (`id`)
) ENGINE=InnoDB AUTO_INCREMENT=128 DEFAULT CHARSET=utf8mb4 COLLATE=utf8mb4_0900_ai_ci;

-- ----------------------------
-- Records of goadmin_session
-- ----------------------------
INSERT INTO `goadmin_session` VALUES ('4', '875f104d-5a0f-4f05-a5aa-ca0012c58310', '{\"user_id\":1}', '2023-09-03 12:56:09', '2023-09-03 12:56:09');
INSERT INTO `goadmin_session` VALUES ('5', '3db05dd3-0191-4932-9b9a-84822c25a35a', '__csrf_token__', '2023-09-03 13:01:15', '2023-09-03 13:01:15');
INSERT INTO `goadmin_session` VALUES ('6', 'ccc9b4c0-a1be-4960-836b-dba99ec24857', '__csrf_token__', '2023-09-03 13:01:47', '2023-09-03 13:01:47');
INSERT INTO `goadmin_session` VALUES ('12', '06f69fba-a205-4b2f-a24f-77cc94c1b812', '__csrf_token__', '2023-09-03 13:06:04', '2023-09-03 13:06:04');
INSERT INTO `goadmin_session` VALUES ('14', 'b1e54059-2888-463b-b102-8a459863107c', '__csrf_token__', '2023-09-03 13:06:59', '2023-09-03 13:06:59');
INSERT INTO `goadmin_session` VALUES ('16', '58245151-974f-4a98-9fbc-36f6012856d1', '__csrf_token__', '2023-09-03 13:07:21', '2023-09-03 13:07:21');
INSERT INTO `goadmin_session` VALUES ('18', 'cb590f2b-881b-4d0b-ab92-736e27eeb93b', '__csrf_token__', '2023-09-03 13:07:44', '2023-09-03 13:07:44');
INSERT INTO `goadmin_session` VALUES ('19', 'a3b480a4-764a-4e18-9d62-51b752ccd867', '__csrf_token__', '2023-09-03 13:07:48', '2023-09-03 13:07:48');
INSERT INTO `goadmin_session` VALUES ('20', '4c496e31-ac15-40f6-bc45-f7f8ea920f76', '__csrf_token__', '2023-09-03 13:08:02', '2023-09-03 13:08:02');
INSERT INTO `goadmin_session` VALUES ('24', 'f85deb0f-ed52-4845-bf53-f2e9f8d57cc5', '__csrf_token__', '2023-09-03 13:10:24', '2023-09-03 13:10:24');
INSERT INTO `goadmin_session` VALUES ('26', '240c6c4a-a843-4399-95f5-4ff972816821', '__csrf_token__', '2023-09-03 13:10:34', '2023-09-03 13:10:34');
INSERT INTO `goadmin_session` VALUES ('28', 'c2392b9e-2b59-4876-a05c-7f56d794ab8c', '__csrf_token__', '2023-09-03 13:10:41', '2023-09-03 13:10:41');
INSERT INTO `goadmin_session` VALUES ('29', 'c8de2ebc-05fa-42a3-89c7-bfa8b7b7125e', '__csrf_token__', '2023-09-03 13:10:44', '2023-09-03 13:10:44');
INSERT INTO `goadmin_session` VALUES ('30', '1b98329b-9e53-42a3-be40-c13c72b642e5', '__csrf_token__', '2023-09-03 13:15:38', '2023-09-03 13:15:38');
INSERT INTO `goadmin_session` VALUES ('31', 'f2c4d512-5549-480e-bc2b-5a6cb4296b7e', '__csrf_token__', '2023-09-03 13:15:43', '2023-09-03 13:15:43');
INSERT INTO `goadmin_session` VALUES ('33', '0813a699-c0c3-4f00-9c60-6ad6dc1c5bb6', '__csrf_token__', '2023-09-03 13:28:54', '2023-09-03 13:28:54');
INSERT INTO `goadmin_session` VALUES ('34', '5f39424e-4582-4d96-bcd3-155691d619cc', '__csrf_token__', '2023-09-03 13:28:55', '2023-09-03 13:28:55');
INSERT INTO `goadmin_session` VALUES ('35', '5ac4dd88-76b1-481e-8185-5e75e04621b9', '__csrf_token__', '2023-09-03 13:28:56', '2023-09-03 13:28:56');
INSERT INTO `goadmin_session` VALUES ('36', '65de5ea4-e885-400e-9a84-7e2163ee56c1', '__csrf_token__', '2023-09-03 13:32:39', '2023-09-03 13:32:39');
INSERT INTO `goadmin_session` VALUES ('41', 'a6298d0a-dae9-42b2-9f10-17d9fdfa0ac0', '__csrf_token__', '2023-09-03 13:54:03', '2023-09-03 13:54:03');
INSERT INTO `goadmin_session` VALUES ('42', 'b058d6cb-4f70-4549-84f2-1c50ff5a6357', '__csrf_token__', '2023-09-03 14:01:36', '2023-09-03 14:01:36');
INSERT INTO `goadmin_session` VALUES ('44', 'ffee30ce-9314-4992-a33f-acc8f258db5d', '__csrf_token__', '2023-09-03 14:01:47', '2023-09-03 14:01:47');
INSERT INTO `goadmin_session` VALUES ('45', '17386ba5-436b-4384-8f86-d4be6a073650', '__csrf_token__', '2023-09-03 14:02:05', '2023-09-03 14:02:05');
INSERT INTO `goadmin_session` VALUES ('47', '8278a455-086d-4dbf-8d94-b2c473b74c75', '__csrf_token__', '2023-09-03 14:05:33', '2023-09-03 14:05:33');
INSERT INTO `goadmin_session` VALUES ('48', 'd9690878-2e4c-4c6b-a864-f20f8c8b60b5', '__csrf_token__', '2023-09-03 14:06:36', '2023-09-03 14:06:36');
INSERT INTO `goadmin_session` VALUES ('51', '96e0ca0f-c2b2-44cc-8b0a-8941f4929965', '__csrf_token__', '2023-09-03 14:08:35', '2023-09-03 14:08:35');
INSERT INTO `goadmin_session` VALUES ('52', '4768e97e-530f-45fc-8ffc-3deb505b5fdb', '__csrf_token__', '2023-09-03 14:09:19', '2023-09-03 14:09:19');
INSERT INTO `goadmin_session` VALUES ('53', '26965c92-83a7-44f3-adb9-31e2ef76fb5a', '__csrf_token__', '2023-09-03 14:09:21', '2023-09-03 14:09:21');
INSERT INTO `goadmin_session` VALUES ('54', '08d8b349-c992-4411-8dff-ebc60990ff40', '__csrf_token__', '2023-09-03 14:09:47', '2023-09-03 14:09:47');
INSERT INTO `goadmin_session` VALUES ('56', '58645b8c-b35e-4d75-8372-3e57ec24e546', '__csrf_token__', '2023-09-03 14:11:12', '2023-09-03 14:11:12');
INSERT INTO `goadmin_session` VALUES ('58', '434e0763-9dad-4a77-a607-cb2cc07ddc30', '__csrf_token__', '2023-09-03 14:13:47', '2023-09-03 14:13:47');
INSERT INTO `goadmin_session` VALUES ('59', '285c06f7-39a8-482f-9c5b-c2d6fcdd6542', '__csrf_token__', '2023-09-03 14:17:23', '2023-09-03 14:17:23');
INSERT INTO `goadmin_session` VALUES ('60', '684b9f76-5f3f-40a9-a46c-4b5829b6803c', '__csrf_token__', '2023-09-03 14:18:04', '2023-09-03 14:18:04');
INSERT INTO `goadmin_session` VALUES ('62', 'd913a980-126f-4475-8c8f-d60e9079d999', '__csrf_token__', '2023-09-03 14:18:44', '2023-09-03 14:18:44');
INSERT INTO `goadmin_session` VALUES ('65', '685a5441-43c0-44ce-8b2b-dee8932732de', '__csrf_token__', '2023-09-03 14:25:36', '2023-09-03 14:25:36');
INSERT INTO `goadmin_session` VALUES ('66', '91cc8af6-5e39-4790-8b85-670bf8219a70', '__csrf_token__', '2023-09-03 14:29:43', '2023-09-03 14:29:43');
INSERT INTO `goadmin_session` VALUES ('68', '28314f5e-1cab-430e-bafb-a8fc0c461689', '__csrf_token__', '2023-09-03 14:29:54', '2023-09-03 14:29:54');
INSERT INTO `goadmin_session` VALUES ('70', 'f0f08251-d5df-4df8-8236-823b1da0dd39', '__csrf_token__', '2023-09-03 14:30:01', '2023-09-03 14:30:01');
INSERT INTO `goadmin_session` VALUES ('72', 'd73c3f3f-f755-4388-b2ec-01a24bc01029', '__csrf_token__', '2023-09-03 14:30:10', '2023-09-03 14:30:10');
INSERT INTO `goadmin_session` VALUES ('74', 'f6ae226f-e381-49ad-8591-c5cd3820f5c5', '__csrf_token__', '2023-09-03 14:30:17', '2023-09-03 14:30:17');
INSERT INTO `goadmin_session` VALUES ('76', '683f9dde-f5d2-4238-a79a-6d63795e1139', '__csrf_token__', '2023-09-03 14:30:26', '2023-09-03 14:30:26');
INSERT INTO `goadmin_session` VALUES ('78', 'a0749fcc-39af-446b-b820-b4c993ad2c76', '__csrf_token__', '2023-09-03 14:30:33', '2023-09-03 14:30:33');
INSERT INTO `goadmin_session` VALUES ('79', '498f3a87-49a7-4868-aba3-8e616357ce1a', '__csrf_token__', '2023-09-03 14:30:52', '2023-09-03 14:30:52');
INSERT INTO `goadmin_session` VALUES ('80', 'ad1f45ea-ab96-4432-a63a-f5f8a5601994', '__csrf_token__', '2023-09-03 14:32:21', '2023-09-03 14:32:21');
INSERT INTO `goadmin_session` VALUES ('82', 'ed3b9838-b279-4fc8-992a-ef1a2ff5f39a', '__csrf_token__', '2023-09-03 14:38:56', '2023-09-03 14:38:56');
INSERT INTO `goadmin_session` VALUES ('83', 'b167a44b-fb3f-4680-8b11-5f0d5a0433d3', '__csrf_token__', '2023-09-03 14:41:51', '2023-09-03 14:41:51');
INSERT INTO `goadmin_session` VALUES ('85', 'a99c369d-2829-47a9-a2b5-09110e05e578', '__csrf_token__', '2023-09-03 14:43:02', '2023-09-03 14:43:02');
INSERT INTO `goadmin_session` VALUES ('88', '698d9e79-517f-4768-978b-edc9f10d3360', '__csrf_token__', '2023-09-03 14:48:23', '2023-09-03 14:48:23');
INSERT INTO `goadmin_session` VALUES ('93', '1a37125e-0f9d-475e-b6f5-2b2321a7d5b8', '__csrf_token__', '2023-09-03 14:58:36', '2023-09-03 14:58:36');
INSERT INTO `goadmin_session` VALUES ('94', '322e6794-f0f7-458b-9231-8714bc08d620', '{\"user_id\":1}', '2023-09-03 15:02:28', '2023-09-03 15:02:28');
INSERT INTO `goadmin_session` VALUES ('95', '46e8a954-a8c2-413b-87b7-e0614fcb42ee', '__csrf_token__', '2023-09-03 15:02:28', '2023-09-03 15:02:28');
INSERT INTO `goadmin_session` VALUES ('96', '65e5addd-7a84-40a3-b841-01c9bc8da22b', '__csrf_token__', '2023-09-03 15:04:30', '2023-09-03 15:04:30');
INSERT INTO `goadmin_session` VALUES ('97', '35b41d77-5211-49e3-a145-fca291127576', '__csrf_token__', '2023-09-03 15:06:15', '2023-09-03 15:06:15');
INSERT INTO `goadmin_session` VALUES ('99', 'e601266e-ba4e-4a0d-a0df-3a7f5ea991da', '__csrf_token__', '2023-09-03 15:07:10', '2023-09-03 15:07:10');
INSERT INTO `goadmin_session` VALUES ('103', 'd5e2d1fe-703f-48b7-abfa-8f0e70b25453', '__csrf_token__', '2023-09-03 15:13:22', '2023-09-03 15:13:22');
INSERT INTO `goadmin_session` VALUES ('106', 'ffc2ee03-a3e9-4400-bb5a-dd4548ce3ec8', '__csrf_token__', '2023-09-03 15:18:50', '2023-09-03 15:18:50');
INSERT INTO `goadmin_session` VALUES ('118', 'd262fbb3-5276-466b-9345-28cb0d230c87', '__csrf_token__', '2023-09-03 15:30:06', '2023-09-03 15:30:06');
INSERT INTO `goadmin_session` VALUES ('120', '30daad71-4c29-495f-b474-ef875342fc12', '__csrf_token__', '2023-09-03 15:33:43', '2023-09-03 15:33:43');
INSERT INTO `goadmin_session` VALUES ('121', '7b4874d7-7b10-4b5e-b7ed-26b24eaaf921', '__csrf_token__', '2023-09-03 15:34:48', '2023-09-03 15:34:48');

-- ----------------------------
-- Table structure for goadmin_site
-- ----------------------------
DROP TABLE IF EXISTS `goadmin_site`;
CREATE TABLE `goadmin_site` (
  `id` int unsigned NOT NULL AUTO_INCREMENT,
  `key` varchar(100) CHARACTER SET utf8mb4 COLLATE utf8mb4_unicode_ci DEFAULT NULL,
  `value` longtext CHARACTER SET utf8mb4 COLLATE utf8mb4_unicode_ci,
  `description` varchar(3000) CHARACTER SET utf8mb4 COLLATE utf8mb4_unicode_ci DEFAULT NULL,
  `state` tinyint unsigned NOT NULL DEFAULT '0',
  `created_at` timestamp NULL DEFAULT CURRENT_TIMESTAMP,
  `updated_at` timestamp NULL DEFAULT CURRENT_TIMESTAMP,
  PRIMARY KEY (`id`)
) ENGINE=InnoDB AUTO_INCREMENT=69 DEFAULT CHARSET=utf8mb4 COLLATE=utf8mb4_unicode_ci;

-- ----------------------------
-- Records of goadmin_site
-- ----------------------------
INSERT INTO `goadmin_site` VALUES ('1', 'login_title', '小说后台管理系统', null, '1', '2023-09-03 12:32:45', '2023-09-03 12:32:45');
INSERT INTO `goadmin_site` VALUES ('2', 'index_url', '/', null, '1', '2023-09-03 12:32:46', '2023-09-03 12:32:46');
INSERT INTO `goadmin_site` VALUES ('3', 'info_log_path', 'D:/linux/GOPATH/src/github.com/fighthorse/sampleBookReader/goadmin/logs/info.log', null, '1', '2023-09-03 12:32:46', '2023-09-03 12:32:46');
INSERT INTO `goadmin_site` VALUES ('4', 'logger_encoder_level_key', 'level', null, '1', '2023-09-03 12:32:46', '2023-09-03 12:32:46');
INSERT INTO `goadmin_site` VALUES ('5', 'logger_encoder_message_key', 'msg', null, '1', '2023-09-03 12:32:46', '2023-09-03 12:32:46');
INSERT INTO `goadmin_site` VALUES ('6', 'url_prefix', 'admin', null, '1', '2023-09-03 12:32:46', '2023-09-03 12:32:46');
INSERT INTO `goadmin_site` VALUES ('7', 'color_scheme', 'skin-black', null, '1', '2023-09-03 12:32:46', '2023-09-03 12:32:46');
INSERT INTO `goadmin_site` VALUES ('8', 'footer_info', '', null, '1', '2023-09-03 12:32:46', '2023-09-03 12:32:46');
INSERT INTO `goadmin_site` VALUES ('9', 'animation_duration', '0.00', null, '1', '2023-09-03 12:32:46', '2023-09-03 12:32:46');
INSERT INTO `goadmin_site` VALUES ('10', 'no_limit_login_ip', 'true', null, '1', '2023-09-03 12:32:46', '2023-09-03 12:32:46');
INSERT INTO `goadmin_site` VALUES ('11', 'site_off', 'false', null, '1', '2023-09-03 12:32:46', '2023-09-03 12:32:46');
INSERT INTO `goadmin_site` VALUES ('12', 'hide_plugin_entrance', 'true', null, '1', '2023-09-03 12:32:46', '2023-09-03 12:32:46');
INSERT INTO `goadmin_site` VALUES ('13', 'logger_encoder_caller_key', 'caller', null, '1', '2023-09-03 12:32:47', '2023-09-03 12:32:47');
INSERT INTO `goadmin_site` VALUES ('14', 'domain', '', null, '1', '2023-09-03 12:32:47', '2023-09-03 12:32:47');
INSERT INTO `goadmin_site` VALUES ('15', 'language', 'zh', null, '1', '2023-09-03 12:32:47', '2023-09-03 12:32:47');
INSERT INTO `goadmin_site` VALUES ('16', 'theme', 'sword_sep', null, '1', '2023-09-03 12:32:47', '2023-09-03 12:32:47');
INSERT INTO `goadmin_site` VALUES ('17', 'logger_encoder_name_key', 'logger', null, '1', '2023-09-03 12:32:47', '2023-09-03 12:32:47');
INSERT INTO `goadmin_site` VALUES ('18', 'hide_config_center_entrance', 'true', null, '1', '2023-09-03 12:32:47', '2023-09-03 12:32:47');
INSERT INTO `goadmin_site` VALUES ('19', 'app_id', 'umCw6Jh4atUb', null, '1', '2023-09-03 12:32:47', '2023-09-03 12:32:47');
INSERT INTO `goadmin_site` VALUES ('20', 'logo', 'GoAdmin', null, '1', '2023-09-03 12:32:47', '2023-09-03 12:32:47');
INSERT INTO `goadmin_site` VALUES ('21', 'mini_logo', 'GA', null, '1', '2023-09-03 12:32:47', '2023-09-03 12:32:47');
INSERT INTO `goadmin_site` VALUES ('22', 'info_log_off', 'false', null, '1', '2023-09-03 12:32:47', '2023-09-03 12:32:47');
INSERT INTO `goadmin_site` VALUES ('23', 'logger_rotate_compress', 'false', null, '1', '2023-09-03 12:32:47', '2023-09-03 12:32:47');
INSERT INTO `goadmin_site` VALUES ('24', 'session_life_time', '7200', null, '1', '2023-09-03 12:32:47', '2023-09-03 12:32:47');
INSERT INTO `goadmin_site` VALUES ('25', 'custom_head_html', '', null, '1', '2023-09-03 12:32:47', '2023-09-03 12:32:47');
INSERT INTO `goadmin_site` VALUES ('26', 'animation_delay', '0.00', null, '1', '2023-09-03 12:32:47', '2023-09-03 12:32:47');
INSERT INTO `goadmin_site` VALUES ('27', 'title', '小说后台管理系统', null, '1', '2023-09-03 12:32:47', '2023-09-03 12:32:47');
INSERT INTO `goadmin_site` VALUES ('28', 'logger_encoder_stacktrace_key', 'stacktrace', null, '1', '2023-09-03 12:32:47', '2023-09-03 12:32:47');
INSERT INTO `goadmin_site` VALUES ('29', 'custom_foot_html', '', null, '1', '2023-09-03 12:32:47', '2023-09-03 12:32:47');
INSERT INTO `goadmin_site` VALUES ('30', 'access_assets_log_off', 'false', null, '1', '2023-09-03 12:32:47', '2023-09-03 12:32:47');
INSERT INTO `goadmin_site` VALUES ('31', 'access_log_path', 'D:/linux/GOPATH/src/github.com/fighthorse/sampleBookReader/goadmin/logs/access.log', null, '1', '2023-09-03 12:32:47', '2023-09-03 12:32:47');
INSERT INTO `goadmin_site` VALUES ('32', 'sql_log', 'false', null, '1', '2023-09-03 12:32:47', '2023-09-03 12:32:47');
INSERT INTO `goadmin_site` VALUES ('33', 'logger_encoder_level', 'capitalColor', null, '1', '2023-09-03 12:32:47', '2023-09-03 12:32:47');
INSERT INTO `goadmin_site` VALUES ('34', 'open_admin_api', 'false', null, '1', '2023-09-03 12:32:47', '2023-09-03 12:32:47');
INSERT INTO `goadmin_site` VALUES ('35', 'allow_del_operation_log', 'true', null, '1', '2023-09-03 12:32:47', '2023-09-03 12:32:47');
INSERT INTO `goadmin_site` VALUES ('36', 'login_url', '/login', null, '1', '2023-09-03 12:32:47', '2023-09-03 12:32:47');
INSERT INTO `goadmin_site` VALUES ('37', 'logger_level', '0', null, '1', '2023-09-03 12:32:47', '2023-09-03 12:32:47');
INSERT INTO `goadmin_site` VALUES ('38', 'custom_404_html', '', null, '1', '2023-09-03 12:32:48', '2023-09-03 12:32:48');
INSERT INTO `goadmin_site` VALUES ('39', 'bootstrap_file_path', 'D:/linux/GOPATH/src/github.com/fighthorse/sampleBookReader/goadmin/bootstrap.go', null, '1', '2023-09-03 12:32:48', '2023-09-03 12:32:48');
INSERT INTO `goadmin_site` VALUES ('40', 'logger_encoder_time_key', 'ts', null, '1', '2023-09-03 12:32:48', '2023-09-03 12:32:48');
INSERT INTO `goadmin_site` VALUES ('41', 'logger_encoder_caller', 'full', null, '1', '2023-09-03 12:32:48', '2023-09-03 12:32:48');
INSERT INTO `goadmin_site` VALUES ('42', 'asset_url', '', null, '1', '2023-09-03 12:32:48', '2023-09-03 12:32:48');
INSERT INTO `goadmin_site` VALUES ('43', 'hide_visitor_user_center_entrance', 'false', null, '1', '2023-09-03 12:32:48', '2023-09-03 12:32:48');
INSERT INTO `goadmin_site` VALUES ('44', 'logger_rotate_max_backups', '5', null, '1', '2023-09-03 12:32:48', '2023-09-03 12:32:48');
INSERT INTO `goadmin_site` VALUES ('45', 'logger_encoder_encoding', 'console', null, '1', '2023-09-03 12:32:48', '2023-09-03 12:32:48');
INSERT INTO `goadmin_site` VALUES ('46', 'extra', '', null, '1', '2023-09-03 12:32:48', '2023-09-03 12:32:48');
INSERT INTO `goadmin_site` VALUES ('47', 'animation_type', '', null, '1', '2023-09-03 12:32:48', '2023-09-03 12:32:48');
INSERT INTO `goadmin_site` VALUES ('48', 'hide_tool_entrance', 'false', null, '1', '2023-09-03 12:32:48', '2023-09-03 12:32:48');
INSERT INTO `goadmin_site` VALUES ('49', 'exclude_theme_components', 'null', null, '1', '2023-09-03 12:32:48', '2023-09-03 12:32:48');
INSERT INTO `goadmin_site` VALUES ('50', 'logger_rotate_max_size', '10', null, '1', '2023-09-03 12:32:48', '2023-09-03 12:32:48');
INSERT INTO `goadmin_site` VALUES ('51', 'auth_user_table', 'goadmin_users', null, '1', '2023-09-03 12:32:48', '2023-09-03 12:32:48');
INSERT INTO `goadmin_site` VALUES ('52', 'access_log_off', 'false', null, '1', '2023-09-03 12:32:48', '2023-09-03 12:32:48');
INSERT INTO `goadmin_site` VALUES ('53', 'error_log_off', 'false', null, '1', '2023-09-03 12:32:48', '2023-09-03 12:32:48');
INSERT INTO `goadmin_site` VALUES ('54', 'logger_encoder_duration', 'string', null, '1', '2023-09-03 12:32:48', '2023-09-03 12:32:48');
INSERT INTO `goadmin_site` VALUES ('55', 'file_upload_engine', '{\"name\":\"local\"}', null, '1', '2023-09-03 12:32:48', '2023-09-03 12:32:48');
INSERT INTO `goadmin_site` VALUES ('56', 'prohibit_config_modification', 'false', null, '1', '2023-09-03 12:32:48', '2023-09-03 12:32:48');
INSERT INTO `goadmin_site` VALUES ('57', 'hide_app_info_entrance', 'false', null, '1', '2023-09-03 12:32:48', '2023-09-03 12:32:48');
INSERT INTO `goadmin_site` VALUES ('58', 'go_mod_file_path', 'D:/linux/GOPATH/src/github.com/fighthorse/sampleBookReader/goadmin/go.mod', null, '1', '2023-09-03 12:32:48', '2023-09-03 12:32:48');
INSERT INTO `goadmin_site` VALUES ('59', 'operation_log_off', 'true', null, '1', '2023-09-03 12:32:48', '2023-09-03 12:32:48');
INSERT INTO `goadmin_site` VALUES ('60', 'debug', 'true', null, '1', '2023-09-03 12:32:49', '2023-09-03 12:32:49');
INSERT INTO `goadmin_site` VALUES ('61', 'asset_root_path', './themes/sword/separation/public/', null, '1', '2023-09-03 12:32:49', '2023-09-03 12:32:49');
INSERT INTO `goadmin_site` VALUES ('62', 'custom_403_html', '', null, '1', '2023-09-03 12:32:49', '2023-09-03 12:32:49');
INSERT INTO `goadmin_site` VALUES ('63', 'error_log_path', 'D:/linux/GOPATH/src/github.com/fighthorse/sampleBookReader/goadmin/logs/error.log', null, '1', '2023-09-03 12:32:49', '2023-09-03 12:32:49');
INSERT INTO `goadmin_site` VALUES ('64', 'login_logo', '', null, '1', '2023-09-03 12:32:49', '2023-09-03 12:32:49');
INSERT INTO `goadmin_site` VALUES ('65', 'custom_500_html', '', null, '1', '2023-09-03 12:32:49', '2023-09-03 12:32:49');
INSERT INTO `goadmin_site` VALUES ('66', 'logger_rotate_max_age', '30', null, '1', '2023-09-03 12:32:49', '2023-09-03 12:32:49');
INSERT INTO `goadmin_site` VALUES ('67', 'logger_encoder_time', 'iso8601', null, '1', '2023-09-03 12:32:49', '2023-09-03 12:32:49');
INSERT INTO `goadmin_site` VALUES ('68', 'env', 'local', null, '1', '2023-09-03 12:32:49', '2023-09-03 12:32:49');

-- ----------------------------
-- Table structure for goadmin_users
-- ----------------------------
DROP TABLE IF EXISTS `goadmin_users`;
CREATE TABLE `goadmin_users` (
  `id` int unsigned NOT NULL AUTO_INCREMENT,
  `username` varchar(100) CHARACTER SET utf8mb4 COLLATE utf8mb4_unicode_ci NOT NULL,
  `password` varchar(100) CHARACTER SET utf8mb4 COLLATE utf8mb4_unicode_ci NOT NULL DEFAULT '',
  `name` varchar(100) CHARACTER SET utf8mb4 COLLATE utf8mb4_unicode_ci NOT NULL,
  `avatar` varchar(255) CHARACTER SET utf8mb4 COLLATE utf8mb4_unicode_ci DEFAULT NULL,
  `remember_token` varchar(100) CHARACTER SET utf8mb4 COLLATE utf8mb4_unicode_ci DEFAULT NULL,
  `created_at` timestamp NULL DEFAULT CURRENT_TIMESTAMP,
  `updated_at` timestamp NULL DEFAULT CURRENT_TIMESTAMP,
  PRIMARY KEY (`id`),
  UNIQUE KEY `admin_users_username_unique` (`username`)
) ENGINE=InnoDB AUTO_INCREMENT=3 DEFAULT CHARSET=utf8mb4 COLLATE=utf8mb4_unicode_ci;

-- ----------------------------
-- Records of goadmin_users
-- ----------------------------
INSERT INTO `goadmin_users` VALUES ('1', 'admin', '$2a$10$5XHHcBM54svwddQbryQKPek.NJhRcvZHZ/qsX7kwWCOO7jg7SgpVu', 'admin', '4c62556c-0d46-4bed-838c-e88a0634589f.jpg', 'tlNcBVK9AvfYH7WEnwB1RKvocJu8FfRy4um3DJtwdHuJy0dwFsLOgAc0xUfh', '2019-09-10 00:00:00', '2023-09-03 15:41:32');
INSERT INTO `goadmin_users` VALUES ('2', 'operator', '$2a$10$rVqkOzHjN2MdlEprRflb1eGP0oZXuSrbJLOmJagFsCd81YZm0bsh.', 'Operator', '', null, '2019-09-10 00:00:00', '2019-09-10 00:00:00');

-- ----------------------------
-- Table structure for goadmin_user_permissions
-- ----------------------------
DROP TABLE IF EXISTS `goadmin_user_permissions`;
CREATE TABLE `goadmin_user_permissions` (
  `user_id` int unsigned NOT NULL,
  `permission_id` int unsigned NOT NULL,
  `created_at` timestamp NULL DEFAULT CURRENT_TIMESTAMP,
  `updated_at` timestamp NULL DEFAULT CURRENT_TIMESTAMP,
  UNIQUE KEY `admin_user_permissions` (`user_id`,`permission_id`)
) ENGINE=InnoDB DEFAULT CHARSET=utf8mb4 COLLATE=utf8mb4_unicode_ci;

-- ----------------------------
-- Records of goadmin_user_permissions
-- ----------------------------
INSERT INTO `goadmin_user_permissions` VALUES ('1', '1', '2019-09-10 00:00:00', '2019-09-10 00:00:00');
INSERT INTO `goadmin_user_permissions` VALUES ('2', '2', '2019-09-10 00:00:00', '2019-09-10 00:00:00');

-- ----------------------------
-- Table structure for member
-- ----------------------------
DROP TABLE IF EXISTS `member`;
CREATE TABLE `member` (
  `id` int unsigned NOT NULL AUTO_INCREMENT,
  `member_name` varchar(255) NOT NULL COMMENT '会员用户登录账户',
  `member_pwd` varchar(255) NOT NULL COMMENT '登录密码',
  `member_desc` varchar(255) DEFAULT NULL COMMENT '用户自我介绍',
  `read_books` int DEFAULT NULL COMMENT '阅读书籍数量',
  `register_day` varchar(32) CHARACTER SET utf8mb4 COLLATE utf8mb4_0900_ai_ci DEFAULT NULL COMMENT '注册时间',
  PRIMARY KEY (`id`)
) ENGINE=InnoDB AUTO_INCREMENT=2 DEFAULT CHARSET=utf8mb4 COLLATE=utf8mb4_0900_ai_ci COMMENT='用户会员表';

-- ----------------------------
-- Records of member
-- ----------------------------
INSERT INTO `member` VALUES ('1', 'test1', 'test1', '我是测试账户 来着星星', '8', '2023-09-10 10:00:00');

-- ----------------------------
-- Table structure for member_reader
-- ----------------------------
DROP TABLE IF EXISTS `member_reader`;
CREATE TABLE `member_reader` (
  `id` int unsigned NOT NULL AUTO_INCREMENT,
  `member_id` int unsigned DEFAULT NULL COMMENT '用户id',
  `book_id` int unsigned DEFAULT NULL COMMENT '书籍id',
  `chapter_id` int DEFAULT NULL COMMENT '章节id',
  `last_update` varchar(32) CHARACTER SET utf8mb4 COLLATE utf8mb4_0900_ai_ci DEFAULT NULL COMMENT '最后一次更新',
  PRIMARY KEY (`id`),
  UNIQUE KEY `idx-m` (`member_id`,`book_id`,`chapter_id`) USING BTREE
) ENGINE=InnoDB AUTO_INCREMENT=2 DEFAULT CHARSET=utf8mb4 COLLATE=utf8mb4_0900_ai_ci COMMENT='用户阅读记录';

-- ----------------------------
-- Records of member_reader
-- ----------------------------
INSERT INTO `member_reader` VALUES ('1', '1', '1', '1', '2023-09-10 00:00:00');

-- ----------------------------
-- Table structure for member_shelf
-- ----------------------------
DROP TABLE IF EXISTS `member_shelf`;
CREATE TABLE `member_shelf` (
  `id` int unsigned NOT NULL AUTO_INCREMENT,
  `book_id` int NOT NULL,
  `chapter_id` int NOT NULL,
  `read_day` varchar(32) CHARACTER SET utf8mb4 COLLATE utf8mb4_0900_ai_ci DEFAULT NULL COMMENT '浏览时间',
  `member_id` int unsigned NOT NULL,
  PRIMARY KEY (`id`),
  UNIQUE KEY `idx_book` (`member_id`,`book_id`,`chapter_id`) USING BTREE
) ENGINE=InnoDB AUTO_INCREMENT=2 DEFAULT CHARSET=utf8mb4 COLLATE=utf8mb4_0900_ai_ci COMMENT='用户书架';

-- ----------------------------
-- Records of member_shelf
-- ----------------------------
INSERT INTO `member_shelf` VALUES ('1', '1', '1', '2023-09-10 12:00:00', '1');
